

CREATE TABLE `account_transactions` (
  `id` int(10) unsigned NOT NULL AUTO_INCREMENT,
  `date` date NOT NULL,
  `user_id` int(10) unsigned NOT NULL,
  `reference_no` varchar(191) NOT NULL,
  `chartof_accounts_id` int(10) unsigned NOT NULL,
  `debit` decimal(65,2) DEFAULT NULL,
  `credit` decimal(65,2) DEFAULT NULL,
  `warehouse_id` int(11) NOT NULL,
  `is_closed` tinyint(1) NOT NULL DEFAULT 0,
  `created_at` timestamp NULL DEFAULT NULL,
  `updated_at` timestamp NULL DEFAULT NULL,
  PRIMARY KEY (`id`)
) ENGINE=InnoDB AUTO_INCREMENT=1175 DEFAULT CHARSET=utf8mb4 COLLATE=utf8mb4_unicode_ci;

INSERT INTO account_transactions VALUES("834","2023-03-04","9","pr-20230304-060045","3","102400.00","0.00","1","0","2023-03-04 18:00:46","2023-03-04 18:00:46");
INSERT INTO account_transactions VALUES("835","2023-03-04","9","pr-20230304-060045","6","0.00","102400.00","1","0","2023-03-04 18:00:46","2023-03-04 18:00:46");
INSERT INTO account_transactions VALUES("836","2023-03-04","1","wpr-20230304-060159","3","227328.00","0.00","3","0","2023-03-04 18:01:59","2023-03-04 18:01:59");
INSERT INTO account_transactions VALUES("837","2023-03-04","1","wpr-20230304-060159","6","0.00","227328.00","3","0","2023-03-04 18:01:59","2023-03-04 18:01:59");
INSERT INTO account_transactions VALUES("838","2023-03-04","1","prr-20230304-060312","3","0.00","227328.00","3","0","2023-03-04 18:03:12","2023-03-04 18:03:12");
INSERT INTO account_transactions VALUES("839","2023-03-04","1","prr-20230304-060312","3","227328.00","0.00","1","0","2023-03-04 18:03:12","2023-03-04 18:03:12");
INSERT INTO account_transactions VALUES("840","2023-03-04","1","pr-20230304-061851","3","50104000.00","0.00","2","0","2023-03-04 18:18:51","2023-03-04 18:18:51");
INSERT INTO account_transactions VALUES("841","2023-03-04","1","pr-20230304-061851","6","0.00","50104000.00","2","0","2023-03-04 18:18:51","2023-03-04 18:18:51");
INSERT INTO account_transactions VALUES("842","2023-03-04","1","transfered-wpr-20230304-043548","14","45101140.00","0.00","2","0","2023-03-04 18:39:23","2023-03-04 18:39:23");
INSERT INTO account_transactions VALUES("843","2023-03-04","1","transfered-wpr-20230304-043548","3","0.00","45101140.00","2","0","2023-03-04 18:39:23","2023-03-04 18:39:23");
INSERT INTO account_transactions VALUES("844","2023-03-04","1","transfered-wpr-20230304-043548","12","0.00","105500.00","2","0","2023-03-04 18:39:23","2023-03-04 18:39:23");
INSERT INTO account_transactions VALUES("845","2023-03-04","1","transfered-wpr-20230304-043548","1","105500.00","0.00","2","0","2023-03-04 18:39:23","2023-03-04 18:39:23");
INSERT INTO account_transactions VALUES("846","2023-03-04","1","sr-20230304-060517","2","0.00","74370.00","1","0","2023-03-04 18:49:44","2023-03-04 18:49:44");
INSERT INTO account_transactions VALUES("847","2023-03-04","1","sr-20230304-060517","1","74370.00","0.00","1","0","2023-03-04 18:49:44","2023-03-04 18:49:44");
INSERT INTO account_transactions VALUES("848","2023-03-04","9","pr-20230304-070244","3","1040.00","0.00","1","0","2023-03-04 19:02:45","2023-03-04 19:02:45");
INSERT INTO account_transactions VALUES("849","2023-03-04","9","pr-20230304-070244","6","0.00","1040.00","1","0","2023-03-04 19:02:45","2023-03-04 19:02:45");
INSERT INTO account_transactions VALUES("850","2023-03-05","1","sr-20230304-070329","2","0.00","1040.00","1","0","2023-03-05 01:43:47","2023-03-05 01:43:47");
INSERT INTO account_transactions VALUES("851","2023-03-05","1","sr-20230304-070329","1","1040.00","0.00","1","0","2023-03-05 01:43:48","2023-03-05 01:43:48");
INSERT INTO account_transactions VALUES("852","2023-03-05","1","posr-20230305-014905","14","5258560.00","0.00","1","0","2023-03-05 01:49:15","2023-03-05 01:49:15");
INSERT INTO account_transactions VALUES("853","2023-03-05","1","posr-20230305-014905","3","0.00","5258560.00","1","0","2023-03-05 01:49:15","2023-03-05 01:49:15");
INSERT INTO account_transactions VALUES("854","2023-03-05","1","posr-20230305-014905","12","0.00","255680.00","1","0","2023-03-05 01:49:15","2023-03-05 01:49:15");
INSERT INTO account_transactions VALUES("855","2023-03-05","1","posr-20230305-014905","1","255680.00","0.00","1","0","2023-03-05 01:49:15","2023-03-05 01:49:15");
INSERT INTO account_transactions VALUES("856","2023-03-05","1","wpr-20230305-020121","3","10000.00","0.00","3","0","2023-03-05 02:01:22","2023-03-05 02:01:22");
INSERT INTO account_transactions VALUES("857","2023-03-05","1","wpr-20230305-020121","6","0.00","10000.00","3","0","2023-03-05 02:01:22","2023-03-05 02:01:22");
INSERT INTO account_transactions VALUES("858","2023-03-05","1","prr-20230305-020145","3","0.00","10000.00","3","0","2023-03-05 02:01:45","2023-03-05 02:01:45");
INSERT INTO account_transactions VALUES("859","2023-03-05","1","prr-20230305-020145","3","10000.00","0.00","1","0","2023-03-05 02:01:46","2023-03-05 02:01:46");
INSERT INTO account_transactions VALUES("860","2023-03-05","1","pr-20230305-020537","3","14000.00","0.00","1","0","2023-03-05 02:05:37","2023-03-05 02:05:37");
INSERT INTO account_transactions VALUES("861","2023-03-05","1","pr-20230305-020537","6","0.00","14000.00","1","0","2023-03-05 02:05:37","2023-03-05 02:05:37");
INSERT INTO account_transactions VALUES("862","2023-03-05","1","wpr-20230305-020121","1","0.00","10000.00","3","0","2023-03-05 02:07:48","2023-03-05 02:07:48");
INSERT INTO account_transactions VALUES("863","2023-03-05","1","wpr-20230305-020121","6","10000.00","0.00","3","0","2023-03-05 02:07:49","2023-03-05 02:07:49");
INSERT INTO account_transactions VALUES("864","2023-03-05","1","wpr-20230304-060159","1","0.00","227328.00","3","0","2023-03-05 02:08:01","2023-03-05 02:08:01");
INSERT INTO account_transactions VALUES("865","2023-03-05","1","wpr-20230304-060159","6","227328.00","0.00","3","0","2023-03-05 02:08:02","2023-03-05 02:08:02");
INSERT INTO account_transactions VALUES("866","2023-03-05","1","pr-20230305-020537","1","0.00","14000.00","1","0","2023-03-05 02:08:26","2023-03-05 02:08:26");
INSERT INTO account_transactions VALUES("867","2023-03-05","1","pr-20230305-020537","6","14000.00","0.00","1","0","2023-03-05 02:08:26","2023-03-05 02:08:26");
INSERT INTO account_transactions VALUES("868","2023-03-05","1","pr-20230304-070244","1","0.00","1040.00","1","0","2023-03-05 02:08:39","2023-03-05 02:08:39");
INSERT INTO account_transactions VALUES("869","2023-03-05","1","pr-20230304-070244","6","1040.00","0.00","1","0","2023-03-05 02:08:40","2023-03-05 02:08:40");
INSERT INTO account_transactions VALUES("870","2023-03-05","1","pr-20230304-061851","1","0.00","50104000.00","2","0","2023-03-05 02:08:53","2023-03-05 02:08:53");
INSERT INTO account_transactions VALUES("871","2023-03-05","1","pr-20230304-061851","6","50104000.00","0.00","2","0","2023-03-05 02:08:53","2023-03-05 02:08:53");
INSERT INTO account_transactions VALUES("872","2023-03-05","1","pr-20230304-060045","1","0.00","102400.00","1","0","2023-03-05 02:09:05","2023-03-05 02:09:05");
INSERT INTO account_transactions VALUES("873","2023-03-05","1","pr-20230304-060045","6","102400.00","0.00","1","0","2023-03-05 02:09:06","2023-03-05 02:09:06");
INSERT INTO account_transactions VALUES("874","2023-03-05","1","sr-20230305-020640","2","0.00","100000000.00","1","0","2023-03-05 02:52:56","2023-03-05 02:52:56");
INSERT INTO account_transactions VALUES("875","2023-03-05","1","sr-20230305-020640","1","100000000.00","0.00","1","0","2023-03-05 02:52:57","2023-03-05 02:52:57");
INSERT INTO account_transactions VALUES("876","2023-03-05","1","sr-20230305-020332","2","0.00","1010000.00","1","0","2023-03-05 02:53:20","2023-03-05 02:53:20");
INSERT INTO account_transactions VALUES("877","2023-03-05","1","sr-20230305-020332","1","1010000.00","0.00","1","0","2023-03-05 02:53:20","2023-03-05 02:53:20");
INSERT INTO account_transactions VALUES("878","2023-03-06","9","pr-20230304-060045","3","10.00","0.00","1","0","2023-03-06 17:08:01","2023-03-06 17:08:01");
INSERT INTO account_transactions VALUES("879","2023-03-06","9","pr-20230304-060045","3","9216.00","0.00","1","0","2023-03-06 17:17:40","2023-03-06 17:17:40");
INSERT INTO account_transactions VALUES("880","2023-03-06","9","returned-from-Store one-to-main-warehouse-pr-20230304-060045-2023-03-06 17:17:40","1","0.00","9216.00","1","0","2023-03-06 17:17:40","2023-03-06 17:17:40");
INSERT INTO account_transactions VALUES("881","2023-03-06","9","pr-20230304-060045","3","13312.00","0.00","1","0","2023-03-06 17:19:55","2023-03-06 17:19:55");
INSERT INTO account_transactions VALUES("882","2023-03-06","9","returned-from-Store one-to-main-warehouse-pr-20230304-060045-on-2023-03-06 17:19:55","1","0.00","13312.00","1","0","2023-03-06 17:19:56","2023-03-06 17:19:56");
INSERT INTO account_transactions VALUES("883","2023-03-06","9","pr-20230304-060045","3","23426.00","0.00","1","0","2023-03-06 17:22:17","2023-03-06 17:22:17");
INSERT INTO account_transactions VALUES("884","2023-03-06","9","returned-from-Store one-to-main-Suppler-pr-20230304-060045-on-2023-03-06 17:22:17","1","0.00","23426.00","1","0","2023-03-06 17:22:17","2023-03-06 17:22:17");
INSERT INTO account_transactions VALUES("885","2023-03-06","1","pr-20230306-054822","3","3642.00","0.00","1","0","2023-03-06 17:48:22","2023-03-06 17:48:22");
INSERT INTO account_transactions VALUES("886","2023-03-06","1","pr-20230306-054822","6","0.00","3642.00","1","0","2023-03-06 17:48:22","2023-03-06 17:48:22");
INSERT INTO account_transactions VALUES("887","2023-03-06","1","pr-20230306-054822","1","0.00","3642.00","1","0","2023-03-06 17:48:53","2023-03-06 17:48:53");
INSERT INTO account_transactions VALUES("888","2023-03-06","1","pr-20230306-054822","6","3642.00","0.00","1","0","2023-03-06 17:48:53","2023-03-06 17:48:53");
INSERT INTO account_transactions VALUES("889","2023-03-06","1","pr-20230306-055254","3","5000.00","0.00","1","0","2023-03-06 17:52:54","2023-03-06 17:52:54");
INSERT INTO account_transactions VALUES("890","2023-03-06","1","pr-20230306-055254","6","0.00","5000.00","1","0","2023-03-06 17:52:54","2023-03-06 17:52:54");
INSERT INTO account_transactions VALUES("891","2023-03-06","1","posr-20230306-055510","14","5000.00","0.00","1","0","2023-03-06 17:55:12","2023-03-06 17:55:12");
INSERT INTO account_transactions VALUES("892","2023-03-06","1","posr-20230306-055510","3","0.00","5000.00","1","0","2023-03-06 17:55:13","2023-03-06 17:55:13");
INSERT INTO account_transactions VALUES("893","2023-03-06","1","posr-20230306-055510","12","0.00","5800.00","1","0","2023-03-06 17:55:13","2023-03-06 17:55:13");
INSERT INTO account_transactions VALUES("894","2023-03-06","1","posr-20230306-055510","1","5800.00","0.00","1","0","2023-03-06 17:55:13","2023-03-06 17:55:13");
INSERT INTO account_transactions VALUES("895","2023-03-06","1","wpr-20230306-060233","3","630.00","0.00","3","0","2023-03-06 18:02:33","2023-03-06 18:02:33");
INSERT INTO account_transactions VALUES("896","2023-03-06","1","wpr-20230306-060233","6","0.00","630.00","3","0","2023-03-06 18:02:34","2023-03-06 18:02:34");
INSERT INTO account_transactions VALUES("897","2023-03-06","1","transfered-wpr-20230306-060233-on-2023-03-06 18:03:25","3","0.00","630.00","3","0","2023-03-06 18:03:25","2023-03-06 18:03:25");
INSERT INTO account_transactions VALUES("898","2023-03-06","1","transfered-wpr-20230306-060233-on-2023-03-06 18:03:25","3","630.00","0.00","1","0","2023-03-06 18:03:25","2023-03-06 18:03:25");
INSERT INTO account_transactions VALUES("899","2023-03-06","1","pr-20230306-115059","3","40000.00","0.00","1","0","2023-03-06 23:50:59","2023-03-06 23:50:59");
INSERT INTO account_transactions VALUES("900","2023-03-06","1","pr-20230306-115059","6","0.00","40000.00","1","0","2023-03-06 23:50:59","2023-03-06 23:50:59");
INSERT INTO account_transactions VALUES("901","2023-03-06","1","posr-20230306-115214","14","40000.00","0.00","1","0","2023-03-06 23:52:26","2023-03-06 23:52:26");
INSERT INTO account_transactions VALUES("902","2023-03-06","1","posr-20230306-115214","3","0.00","40000.00","1","0","2023-03-06 23:52:26","2023-03-06 23:52:26");
INSERT INTO account_transactions VALUES("903","2023-03-06","1","posr-20230306-115214","12","0.00","50000.00","1","0","2023-03-06 23:52:26","2023-03-06 23:52:26");
INSERT INTO account_transactions VALUES("904","2023-03-06","1","posr-20230306-115214","1","50000.00","0.00","1","0","2023-03-06 23:52:26","2023-03-06 23:52:26");
INSERT INTO account_transactions VALUES("905","2023-03-07","1","posr-20230307-120204","14","0.00","0.00","1","0","2023-03-07 00:02:05","2023-03-07 00:02:05");
INSERT INTO account_transactions VALUES("906","2023-03-07","1","posr-20230307-120204","3","0.00","0.00","1","0","2023-03-07 00:02:05","2023-03-07 00:02:05");
INSERT INTO account_transactions VALUES("907","2023-03-07","1","posr-20230307-120204","12","0.00","50000.00","1","0","2023-03-07 00:02:05","2023-03-07 00:02:05");
INSERT INTO account_transactions VALUES("908","2023-03-07","1","posr-20230307-120204","1","50000.00","0.00","1","0","2023-03-07 00:02:05","2023-03-07 00:02:05");
INSERT INTO account_transactions VALUES("909","2023-03-07","1","sales-return-r-20230307-121310","1","0.00","1000.00","1","0","2023-03-07 00:13:11","2023-03-07 00:13:11");
INSERT INTO account_transactions VALUES("910","2023-03-07","1","sales-return-r-20230307-122338","1","0.00","100000000.00","1","0","2023-03-07 00:23:39","2023-03-07 00:23:39");
INSERT INTO account_transactions VALUES("911","2023-03-07","1","er-20230307-122857","23","15000.00","0.00","1","0","2023-03-07 00:28:57","2023-03-07 00:28:57");
INSERT INTO account_transactions VALUES("912","2023-03-07","1","er-20230307-122857","1","0.00","15000.00","1","0","2023-03-07 00:28:57","2023-03-07 00:28:57");
INSERT INTO account_transactions VALUES("913","2023-03-07","1","er-20230307-102017","16","3.00","0.00","1","0","2023-03-07 10:20:18","2023-03-07 10:20:18");
INSERT INTO account_transactions VALUES("914","2023-03-07","1","er-20230307-102017","1","0.00","3.00","1","0","2023-03-07 10:20:18","2023-03-07 10:20:18");
INSERT INTO account_transactions VALUES("915","2023-03-07","1","er-20230307-102316","15","3333.00","0.00","1","0","2023-03-07 10:23:16","2023-03-07 10:23:16");
INSERT INTO account_transactions VALUES("916","2023-03-07","1","er-20230307-102316","1","0.00","3333.00","1","0","2023-03-07 10:23:16","2023-03-07 10:23:16");
INSERT INTO account_transactions VALUES("917","2023-03-07","1","debit-transaction-adjustment-20230307-042803","12","50000000.00","0.00","1","0","2023-03-07 16:28:03","2023-03-07 16:28:03");
INSERT INTO account_transactions VALUES("918","2023-03-07","1","credit-transaction-adjustment-20230307-042946","12","0.00","100000000.00","1","0","2023-03-07 16:29:46","2023-03-07 16:29:46");
INSERT INTO account_transactions VALUES("919","2023-03-07","1","debit-transaction-adjustment-20230307-064510","40","0.00","0.00","1","0","2023-03-07 18:45:10","2023-03-07 18:45:10");
INSERT INTO account_transactions VALUES("920","2023-03-07","1","debit-transaction-adjustment-20230307-064649","40","1.00","0.00","1","0","2023-03-07 18:46:49","2023-03-07 18:46:49");
INSERT INTO account_transactions VALUES("921","2023-03-08","1","debit-transaction-adjustment-20230308-094715","1","400000.00","0.00","2","0","2023-03-08 09:47:15","2023-03-08 09:47:15");
INSERT INTO account_transactions VALUES("922","2023-03-08","1","credit-transaction-adjustment-20230308-095305","7","0.00","789654.00","2","0","2023-03-08 09:53:05","2023-03-08 09:53:05");
INSERT INTO account_transactions VALUES("923","2023-03-08","1","posr-20230308-061950","14","0.00","0.00","1","0","2023-03-08 18:19:50","2023-03-08 18:19:50");
INSERT INTO account_transactions VALUES("924","2023-03-08","1","posr-20230308-061950","3","0.00","0.00","1","0","2023-03-08 18:19:51","2023-03-08 18:19:51");
INSERT INTO account_transactions VALUES("925","2023-03-08","1","posr-20230308-061950","12","0.00","58.00","1","0","2023-03-08 18:19:51","2023-03-08 18:19:51");
INSERT INTO account_transactions VALUES("926","2023-03-08","1","posr-20230308-061950","1","58.00","0.00","1","0","2023-03-08 18:19:51","2023-03-08 18:19:51");
INSERT INTO account_transactions VALUES("927","2023-03-08","1","posr-20230308-064410","14","0.00","0.00","1","0","2023-03-08 18:44:10","2023-03-08 18:44:10");
INSERT INTO account_transactions VALUES("928","2023-03-08","1","posr-20230308-064410","3","0.00","0.00","1","0","2023-03-08 18:44:11","2023-03-08 18:44:11");
INSERT INTO account_transactions VALUES("929","2023-03-08","1","posr-20230308-064410","12","0.00","58.00","1","0","2023-03-08 18:44:11","2023-03-08 18:44:11");
INSERT INTO account_transactions VALUES("930","2023-03-08","1","posr-20230308-064814","14","0.00","0.00","1","0","2023-03-08 18:48:14","2023-03-08 18:48:14");
INSERT INTO account_transactions VALUES("931","2023-03-08","1","posr-20230308-064814","3","0.00","0.00","1","0","2023-03-08 18:48:14","2023-03-08 18:48:14");
INSERT INTO account_transactions VALUES("932","2023-03-08","1","posr-20230308-064814","12","0.00","290.00","1","0","2023-03-08 18:48:14","2023-03-08 18:48:14");
INSERT INTO account_transactions VALUES("933","2023-03-08","1","posr-20230308-065030","14","0.00","0.00","1","0","2023-03-08 18:50:31","2023-03-08 18:50:31");
INSERT INTO account_transactions VALUES("934","2023-03-08","1","posr-20230308-065030","3","0.00","0.00","1","0","2023-03-08 18:50:31","2023-03-08 18:50:31");
INSERT INTO account_transactions VALUES("935","2023-03-08","1","posr-20230308-065030","12","0.00","580.00","1","0","2023-03-08 18:50:31","2023-03-08 18:50:31");
INSERT INTO account_transactions VALUES("936","2023-03-08","1","posr-20230308-065030","2","580.00","0.00","1","0","2023-03-08 18:50:31","2023-03-08 18:50:31");
INSERT INTO account_transactions VALUES("937","2023-03-08","1","posr-20230308-062117","2","0.00","638.00","1","0","2023-03-08 19:17:53","2023-03-08 19:17:53");
INSERT INTO account_transactions VALUES("938","2023-03-08","1","posr-20230308-062117","1","638.00","0.00","1","0","2023-03-08 19:17:53","2023-03-08 19:17:53");
INSERT INTO account_transactions VALUES("939","2023-03-08","1","pr-20230306-115059","1","0.00","40000.00","1","0","2023-03-08 19:27:08","2023-03-08 19:27:08");
INSERT INTO account_transactions VALUES("940","2023-03-08","1","pr-20230306-115059","6","40000.00","0.00","1","0","2023-03-08 19:27:09","2023-03-08 19:27:09");
INSERT INTO account_transactions VALUES("941","2023-03-08","1","posr-20230308-065030","2","0.00","580.00","1","0","2023-03-08 19:31:02","2023-03-08 19:31:02");
INSERT INTO account_transactions VALUES("942","2023-03-08","1","posr-20230308-065030","1","580.00","0.00","1","0","2023-03-08 19:31:02","2023-03-08 19:31:02");
INSERT INTO account_transactions VALUES("943","2023-03-08","1","posr-20230308-064814","2","0.00","290.00","1","0","2023-03-08 19:31:20","2023-03-08 19:31:20");
INSERT INTO account_transactions VALUES("944","2023-03-08","1","posr-20230308-064814","1","290.00","0.00","1","0","2023-03-08 19:31:20","2023-03-08 19:31:20");
INSERT INTO account_transactions VALUES("945","2023-03-08","1","posr-20230308-064814","2","0.00","290.00","1","0","2023-03-08 19:32:17","2023-03-08 19:32:17");
INSERT INTO account_transactions VALUES("946","2023-03-08","1","posr-20230308-064814","1","290.00","0.00","1","0","2023-03-08 19:32:17","2023-03-08 19:32:17");
INSERT INTO account_transactions VALUES("947","2023-03-08","1","posr-20230308-064814","2","0.00","290.00","1","0","2023-03-08 19:33:10","2023-03-08 19:33:10");
INSERT INTO account_transactions VALUES("948","2023-03-08","1","posr-20230308-064814","1","290.00","0.00","1","0","2023-03-08 19:33:10","2023-03-08 19:33:10");
INSERT INTO account_transactions VALUES("949","2023-03-08","1","posr-20230308-064814","2","0.00","290.00","1","0","2023-03-08 19:33:41","2023-03-08 19:33:41");
INSERT INTO account_transactions VALUES("950","2023-03-08","1","posr-20230308-064814","1","290.00","0.00","1","0","2023-03-08 19:33:41","2023-03-08 19:33:41");
INSERT INTO account_transactions VALUES("951","2023-03-08","1","posr-20230308-064814","2","0.00","290.00","1","0","2023-03-08 19:35:04","2023-03-08 19:35:04");
INSERT INTO account_transactions VALUES("952","2023-03-08","1","posr-20230308-064814","1","290.00","0.00","1","0","2023-03-08 19:35:05","2023-03-08 19:35:05");
INSERT INTO account_transactions VALUES("953","2023-03-08","1","pr-20230306-115059","1","0.00","40000.00","1","0","2023-03-08 19:39:56","2023-03-08 19:39:56");
INSERT INTO account_transactions VALUES("954","2023-03-08","1","pr-20230306-115059","6","40000.00","0.00","1","0","2023-03-08 19:39:56","2023-03-08 19:39:56");
INSERT INTO account_transactions VALUES("955","2023-03-08","1","posr-20230308-064814","2","0.00","-1160.00","1","0","2023-03-08 19:41:08","2023-03-08 19:41:08");
INSERT INTO account_transactions VALUES("956","2023-03-08","1","posr-20230308-064814","1","-1160.00","0.00","1","0","2023-03-08 19:41:08","2023-03-08 19:41:08");
INSERT INTO account_transactions VALUES("957","2023-03-08","1","pr-20230306-055254","1","0.00","5000.00","1","0","2023-03-08 19:42:48","2023-03-08 19:42:48");
INSERT INTO account_transactions VALUES("958","2023-03-08","1","pr-20230306-055254","6","5000.00","0.00","1","0","2023-03-08 19:42:48","2023-03-08 19:42:48");
INSERT INTO account_transactions VALUES("959","2023-03-08","1","posr-20230308-082909","14","0.00","0.00","1","0","2023-03-08 20:29:10","2023-03-08 20:29:10");
INSERT INTO account_transactions VALUES("960","2023-03-08","1","posr-20230308-082909","3","0.00","0.00","1","0","2023-03-08 20:29:10","2023-03-08 20:29:10");
INSERT INTO account_transactions VALUES("961","2023-03-08","1","posr-20230308-082909","12","0.00","116.00","1","0","2023-03-08 20:29:10","2023-03-08 20:29:10");
INSERT INTO account_transactions VALUES("962","2023-03-08","1","posr-20230308-082909","1","116.00","0.00","1","0","2023-03-08 20:29:10","2023-03-08 20:29:10");
INSERT INTO account_transactions VALUES("963","2023-03-08","1","wpr-20230306-060233","1","0.00","630.00","3","0","2023-03-08 20:34:36","2023-03-08 20:34:36");
INSERT INTO account_transactions VALUES("964","2023-03-08","1","wpr-20230306-060233","6","630.00","0.00","3","0","2023-03-08 20:34:36","2023-03-08 20:34:36");
INSERT INTO account_transactions VALUES("965","2023-03-08","1","wpr-20230305-020121","1","0.00","0.00","3","0","2023-03-08 20:40:02","2023-03-08 20:40:02");
INSERT INTO account_transactions VALUES("966","2023-03-08","1","wpr-20230305-020121","6","0.00","0.00","3","0","2023-03-08 20:40:02","2023-03-08 20:40:02");
INSERT INTO account_transactions VALUES("967","2023-03-08","1","wpr-20230306-060233","1","0.00","0.00","3","0","2023-03-08 20:40:47","2023-03-08 20:40:47");
INSERT INTO account_transactions VALUES("968","2023-03-08","1","wpr-20230306-060233","6","0.00","0.00","3","0","2023-03-08 20:40:47","2023-03-08 20:40:47");
INSERT INTO account_transactions VALUES("969","2023-03-08","1","posr-20230308-064410","2","0.00","58.00","1","0","2023-03-08 20:59:36","2023-03-08 20:59:36");
INSERT INTO account_transactions VALUES("970","2023-03-08","1","posr-20230308-064410","1","58.00","0.00","1","0","2023-03-08 20:59:36","2023-03-08 20:59:36");
INSERT INTO account_transactions VALUES("971","2023-03-08","1","posr-20230308-090035","14","0.00","0.00","1","0","2023-03-08 21:00:35","2023-03-08 21:00:35");
INSERT INTO account_transactions VALUES("972","2023-03-08","1","posr-20230308-090035","3","0.00","0.00","1","0","2023-03-08 21:00:35","2023-03-08 21:00:35");
INSERT INTO account_transactions VALUES("973","2023-03-08","1","posr-20230308-090035","12","0.00","58.00","1","0","2023-03-08 21:00:35","2023-03-08 21:00:35");
INSERT INTO account_transactions VALUES("974","2023-03-08","1","posr-20230308-090035","2","58.00","0.00","1","0","2023-03-08 21:00:35","2023-03-08 21:00:35");
INSERT INTO account_transactions VALUES("975","2023-03-08","1","posr-20230308-090035","2","0.00","58.00","1","0","2023-03-08 21:01:17","2023-03-08 21:01:17");
INSERT INTO account_transactions VALUES("976","2023-03-08","1","posr-20230308-090035","1","58.00","0.00","1","0","2023-03-08 21:01:18","2023-03-08 21:01:18");
INSERT INTO account_transactions VALUES("977","2023-03-08","1","sr-20230308-101314","14","0.00","0.00","1","0","2023-03-08 22:13:15","2023-03-08 22:13:15");
INSERT INTO account_transactions VALUES("978","2023-03-08","1","sr-20230308-101314","3","0.00","0.00","1","0","2023-03-08 22:13:15","2023-03-08 22:13:15");
INSERT INTO account_transactions VALUES("979","2023-03-08","1","sr-20230308-101314","12","0.00","","1","0","2023-03-08 22:13:15","2023-03-08 22:13:15");
INSERT INTO account_transactions VALUES("980","2023-03-08","1","sr-20230308-101314","2","","0.00","1","0","2023-03-08 22:13:15","2023-03-08 22:13:15");
INSERT INTO account_transactions VALUES("981","2023-03-08","1","sr-20230308-101314","2","0.00","1040.00","1","0","2023-03-08 22:15:56","2023-03-08 22:15:56");
INSERT INTO account_transactions VALUES("982","2023-03-08","1","sr-20230308-101314","1","1040.00","0.00","1","0","2023-03-08 22:15:56","2023-03-08 22:15:56");
INSERT INTO account_transactions VALUES("983","2023-03-08","1","sr-20230308-101314","2","0.00","540.00","1","0","2023-03-08 22:23:28","2023-03-08 22:23:28");
INSERT INTO account_transactions VALUES("984","2023-03-08","1","sr-20230308-101314","1","540.00","0.00","1","0","2023-03-08 22:23:28","2023-03-08 22:23:28");
INSERT INTO account_transactions VALUES("985","2023-03-08","1","sr-20230308-101314","2","0.00","0.00","1","0","2023-03-08 22:24:06","2023-03-08 22:24:06");
INSERT INTO account_transactions VALUES("986","2023-03-08","1","sr-20230308-101314","1","0.00","0.00","1","0","2023-03-08 22:24:06","2023-03-08 22:24:06");
INSERT INTO account_transactions VALUES("987","2023-03-08","1","sr-20230308-101314","2","0.00","0.00","1","0","2023-03-08 22:25:19","2023-03-08 22:25:19");
INSERT INTO account_transactions VALUES("988","2023-03-08","1","sr-20230308-101314","1","0.00","0.00","1","0","2023-03-08 22:25:19","2023-03-08 22:25:19");
INSERT INTO account_transactions VALUES("989","2023-03-08","1","sr-20230308-101314","2","0.00","0.00","1","0","2023-03-08 22:26:37","2023-03-08 22:26:37");
INSERT INTO account_transactions VALUES("990","2023-03-08","1","sr-20230308-101314","1","0.00","0.00","1","0","2023-03-08 22:26:37","2023-03-08 22:26:37");
INSERT INTO account_transactions VALUES("991","2023-03-08","1","sr-20230308-101314","2","0.00","0.00","1","0","2023-03-08 22:28:13","2023-03-08 22:28:13");
INSERT INTO account_transactions VALUES("992","2023-03-08","1","sr-20230308-101314","1","0.00","0.00","1","0","2023-03-08 22:28:13","2023-03-08 22:28:13");
INSERT INTO account_transactions VALUES("993","2023-03-08","1","sr-20230308-101314","2","0.00","0.00","1","0","2023-03-08 22:29:31","2023-03-08 22:29:31");
INSERT INTO account_transactions VALUES("994","2023-03-08","1","sr-20230308-101314","1","0.00","0.00","1","0","2023-03-08 22:29:31","2023-03-08 22:29:31");
INSERT INTO account_transactions VALUES("995","2023-03-08","1","sr-20230308-103815","14","0.00","0.00","1","0","2023-03-08 22:38:15","2023-03-08 22:38:15");
INSERT INTO account_transactions VALUES("996","2023-03-08","1","sr-20230308-103815","3","0.00","0.00","1","0","2023-03-08 22:38:16","2023-03-08 22:38:16");
INSERT INTO account_transactions VALUES("997","2023-03-08","1","sr-20230308-103815","12","0.00","","1","0","2023-03-08 22:38:16","2023-03-08 22:38:16");
INSERT INTO account_transactions VALUES("998","2023-03-08","1","sr-20230308-103815","2","","0.00","1","0","2023-03-08 22:38:16","2023-03-08 22:38:16");
INSERT INTO account_transactions VALUES("999","2023-03-08","1","sr-20230308-103815","2","0.00","15.00","1","0","2023-03-08 22:39:07","2023-03-08 22:39:07");
INSERT INTO account_transactions VALUES("1000","2023-03-08","1","sr-20230308-103815","1","15.00","0.00","1","0","2023-03-08 22:39:07","2023-03-08 22:39:07");
INSERT INTO account_transactions VALUES("1001","2023-03-08","1","sr-20230308-103815","2","0.00","15.00","1","0","2023-03-08 22:39:43","2023-03-08 22:39:43");
INSERT INTO account_transactions VALUES("1002","2023-03-08","1","sr-20230308-103815","1","15.00","0.00","1","0","2023-03-08 22:39:43","2023-03-08 22:39:43");
INSERT INTO account_transactions VALUES("1003","2023-03-08","1","sr-20230308-103815","2","0.00","-15.00","1","0","2023-03-08 22:41:57","2023-03-08 22:41:57");
INSERT INTO account_transactions VALUES("1004","2023-03-08","1","sr-20230308-103815","1","-15.00","0.00","1","0","2023-03-08 22:41:58","2023-03-08 22:41:58");
INSERT INTO account_transactions VALUES("1005","2023-03-08","1","posr-20230308-110648","14","0.00","0.00","1","0","2023-03-08 23:06:49","2023-03-08 23:06:49");
INSERT INTO account_transactions VALUES("1006","2023-03-08","1","posr-20230308-110648","3","0.00","0.00","1","0","2023-03-08 23:06:49","2023-03-08 23:06:49");
INSERT INTO account_transactions VALUES("1007","2023-03-08","1","posr-20230308-110648","12","0.00","58.00","1","0","2023-03-08 23:06:49","2023-03-08 23:06:49");
INSERT INTO account_transactions VALUES("1008","2023-03-08","1","posr-20230308-110648","2","58.00","0.00","1","0","2023-03-08 23:06:49","2023-03-08 23:06:49");
INSERT INTO account_transactions VALUES("1009","2023-03-08","1","posr-20230308-110648","2","0.00","58.00","1","0","2023-03-08 23:07:37","2023-03-08 23:07:37");
INSERT INTO account_transactions VALUES("1010","2023-03-08","1","posr-20230308-110648","1","58.00","0.00","1","0","2023-03-08 23:07:38","2023-03-08 23:07:38");
INSERT INTO account_transactions VALUES("1011","2023-03-08","1","posr-20230308-064026","2","0.00","58.00","1","0","2023-03-08 23:28:20","2023-03-08 23:28:20");
INSERT INTO account_transactions VALUES("1012","2023-03-08","1","posr-20230308-064026","1","58.00","0.00","1","0","2023-03-08 23:28:20","2023-03-08 23:28:20");
INSERT INTO account_transactions VALUES("1013","2023-03-09","1","posr-20230309-124955","14","0.00","0.00","1","0","2023-03-09 00:49:56","2023-03-09 00:49:56");
INSERT INTO account_transactions VALUES("1014","2023-03-09","1","posr-20230309-124955","3","0.00","0.00","1","0","2023-03-09 00:49:56","2023-03-09 00:49:56");
INSERT INTO account_transactions VALUES("1015","2023-03-09","1","posr-20230309-124955","12","0.00","58.00","1","0","2023-03-09 00:49:57","2023-03-09 00:49:57");
INSERT INTO account_transactions VALUES("1016","2023-03-09","1","posr-20230309-124955","1","58.00","0.00","1","0","2023-03-09 00:49:57","2023-03-09 00:49:57");
INSERT INTO account_transactions VALUES("1017","2023-03-09","1","posr-20230309-014039","14","0.00","0.00","1","0","2023-03-09 01:40:39","2023-03-09 01:40:39");
INSERT INTO account_transactions VALUES("1018","2023-03-09","1","posr-20230309-014039","3","0.00","0.00","1","0","2023-03-09 01:40:40","2023-03-09 01:40:40");
INSERT INTO account_transactions VALUES("1019","2023-03-09","1","posr-20230309-014039","12","0.00","58.00","1","0","2023-03-09 01:40:40","2023-03-09 01:40:40");
INSERT INTO account_transactions VALUES("1020","2023-03-09","1","posr-20230309-014039","1","58.00","0.00","1","0","2023-03-09 01:40:40","2023-03-09 01:40:40");
INSERT INTO account_transactions VALUES("1021","2023-03-09","1","posr-20230309-014039","2","0.00","0.00","1","0","2023-03-09 01:42:15","2023-03-09 01:42:15");
INSERT INTO account_transactions VALUES("1022","2023-03-09","1","posr-20230309-014039","1","0.00","0.00","1","0","2023-03-09 01:42:15","2023-03-09 01:42:15");
INSERT INTO account_transactions VALUES("1023","2023-03-09","1","posr-20230309-014039","2","0.00","0.00","1","0","2023-03-09 01:43:40","2023-03-09 01:43:40");
INSERT INTO account_transactions VALUES("1024","2023-03-09","1","posr-20230309-014039","1","0.00","0.00","1","0","2023-03-09 01:43:40","2023-03-09 01:43:40");
INSERT INTO account_transactions VALUES("1025","2023-03-09","1","posr-20230309-014039","2","0.00","0.00","1","0","2023-03-09 01:44:26","2023-03-09 01:44:26");
INSERT INTO account_transactions VALUES("1026","2023-03-09","1","posr-20230309-014039","1","0.00","0.00","1","0","2023-03-09 01:44:26","2023-03-09 01:44:26");
INSERT INTO account_transactions VALUES("1027","2023-03-09","1","posr-20230309-014039","2","0.00","0.00","1","0","2023-03-09 01:45:19","2023-03-09 01:45:19");
INSERT INTO account_transactions VALUES("1028","2023-03-09","1","posr-20230309-014039","1","0.00","0.00","1","0","2023-03-09 01:45:20","2023-03-09 01:45:20");
INSERT INTO account_transactions VALUES("1029","2023-03-09","1","posr-20230309-014039","2","0.00","0.00","1","0","2023-03-09 01:45:37","2023-03-09 01:45:37");
INSERT INTO account_transactions VALUES("1030","2023-03-09","1","posr-20230309-014039","1","0.00","0.00","1","0","2023-03-09 01:45:38","2023-03-09 01:45:38");
INSERT INTO account_transactions VALUES("1031","2023-03-09","1","posr-20230309-014039","2","0.00","0.00","1","0","2023-03-09 01:45:55","2023-03-09 01:45:55");
INSERT INTO account_transactions VALUES("1032","2023-03-09","1","posr-20230309-014039","1","0.00","0.00","1","0","2023-03-09 01:45:55","2023-03-09 01:45:55");
INSERT INTO account_transactions VALUES("1033","2023-03-09","1","posr-20230309-014039","2","0.00","0.00","1","0","2023-03-09 01:47:54","2023-03-09 01:47:54");
INSERT INTO account_transactions VALUES("1034","2023-03-09","1","posr-20230309-014039","1","0.00","0.00","1","0","2023-03-09 01:47:55","2023-03-09 01:47:55");
INSERT INTO account_transactions VALUES("1035","2023-03-09","1","posr-20230309-014039","2","0.00","0.00","1","0","2023-03-09 01:50:17","2023-03-09 01:50:17");
INSERT INTO account_transactions VALUES("1036","2023-03-09","1","posr-20230309-014039","1","0.00","0.00","1","0","2023-03-09 01:50:18","2023-03-09 01:50:18");
INSERT INTO account_transactions VALUES("1037","2023-03-09","1","posr-20230309-014039","2","0.00","0.00","1","0","2023-03-09 01:51:10","2023-03-09 01:51:10");
INSERT INTO account_transactions VALUES("1038","2023-03-09","1","posr-20230309-014039","1","0.00","0.00","1","0","2023-03-09 01:51:10","2023-03-09 01:51:10");
INSERT INTO account_transactions VALUES("1039","2023-03-09","1","posr-20230309-014039","2","0.00","0.00","1","0","2023-03-09 01:52:06","2023-03-09 01:52:06");
INSERT INTO account_transactions VALUES("1040","2023-03-09","1","posr-20230309-014039","1","0.00","0.00","1","0","2023-03-09 01:52:06","2023-03-09 01:52:06");
INSERT INTO account_transactions VALUES("1041","2023-03-09","1","posr-20230309-014039","2","0.00","0.00","1","0","2023-03-09 01:54:15","2023-03-09 01:54:15");
INSERT INTO account_transactions VALUES("1042","2023-03-09","1","posr-20230309-014039","1","0.00","0.00","1","0","2023-03-09 01:54:15","2023-03-09 01:54:15");
INSERT INTO account_transactions VALUES("1043","2023-03-09","1","posr-20230309-013805","2","0.00","0.00","1","0","2023-03-09 01:55:11","2023-03-09 01:55:11");
INSERT INTO account_transactions VALUES("1044","2023-03-09","1","posr-20230309-013805","1","0.00","0.00","1","0","2023-03-09 01:55:12","2023-03-09 01:55:12");
INSERT INTO account_transactions VALUES("1045","2023-03-09","1","posr-20230309-013805","2","0.00","0.00","1","0","2023-03-09 01:56:30","2023-03-09 01:56:30");
INSERT INTO account_transactions VALUES("1046","2023-03-09","1","posr-20230309-013805","1","0.00","0.00","1","0","2023-03-09 01:56:30","2023-03-09 01:56:30");
INSERT INTO account_transactions VALUES("1047","2023-03-09","1","posr-20230309-013805","2","0.00","0.00","1","0","2023-03-09 01:56:51","2023-03-09 01:56:51");
INSERT INTO account_transactions VALUES("1048","2023-03-09","1","posr-20230309-013805","1","0.00","0.00","1","0","2023-03-09 01:56:51","2023-03-09 01:56:51");
INSERT INTO account_transactions VALUES("1049","2023-03-09","1","posr-20230309-013805","2","0.00","0.00","1","0","2023-03-09 02:02:05","2023-03-09 02:02:05");
INSERT INTO account_transactions VALUES("1050","2023-03-09","1","posr-20230309-013805","1","0.00","0.00","1","0","2023-03-09 02:02:05","2023-03-09 02:02:05");
INSERT INTO account_transactions VALUES("1051","2023-03-09","1","sr-20230304-060517","2","0.00","0.00","1","0","2023-03-09 02:02:46","2023-03-09 02:02:46");
INSERT INTO account_transactions VALUES("1052","2023-03-09","1","sr-20230304-060517","1","0.00","0.00","1","0","2023-03-09 02:02:47","2023-03-09 02:02:47");
INSERT INTO account_transactions VALUES("1053","2023-03-09","1","sr-20230304-060517","2","0.00","0.00","1","0","2023-03-09 02:07:01","2023-03-09 02:07:01");
INSERT INTO account_transactions VALUES("1054","2023-03-09","1","sr-20230304-060517","1","0.00","0.00","1","0","2023-03-09 02:07:01","2023-03-09 02:07:01");
INSERT INTO account_transactions VALUES("1055","2023-03-09","1","posr-20230309-025500","2","0.00","0.00","1","0","2023-03-09 09:59:13","2023-03-09 09:59:13");
INSERT INTO account_transactions VALUES("1056","2023-03-09","1","posr-20230309-025500","1","0.00","0.00","1","0","2023-03-09 09:59:14","2023-03-09 09:59:14");
INSERT INTO account_transactions VALUES("1057","2023-03-09","1","posr-20230309-101112","14","0.00","0.00","1","0","2023-03-09 10:11:14","2023-03-09 10:11:14");
INSERT INTO account_transactions VALUES("1058","2023-03-09","1","posr-20230309-101112","3","0.00","0.00","1","0","2023-03-09 10:11:14","2023-03-09 10:11:14");
INSERT INTO account_transactions VALUES("1059","2023-03-09","1","posr-20230309-101112","12","0.00","171.00","1","0","2023-03-09 10:11:14","2023-03-09 10:11:14");
INSERT INTO account_transactions VALUES("1060","2023-03-09","1","posr-20230309-101112","1","171.00","0.00","1","0","2023-03-09 10:11:14","2023-03-09 10:11:14");
INSERT INTO account_transactions VALUES("1061","2023-03-09","1","posr-20230309-101112","2","0.00","0.00","1","0","2023-03-09 10:12:20","2023-03-09 10:12:20");
INSERT INTO account_transactions VALUES("1062","2023-03-09","1","posr-20230309-101112","1","0.00","0.00","1","0","2023-03-09 10:12:20","2023-03-09 10:12:20");
INSERT INTO account_transactions VALUES("1063","2023-03-09","1","posr-20230309-101424","14","0.00","0.00","1","0","2023-03-09 10:14:25","2023-03-09 10:14:25");
INSERT INTO account_transactions VALUES("1064","2023-03-09","1","posr-20230309-101424","3","0.00","0.00","1","0","2023-03-09 10:14:25","2023-03-09 10:14:25");
INSERT INTO account_transactions VALUES("1065","2023-03-09","1","posr-20230309-101424","12","0.00","58.00","1","0","2023-03-09 10:14:25","2023-03-09 10:14:25");
INSERT INTO account_transactions VALUES("1066","2023-03-09","1","posr-20230309-101424","1","58.00","0.00","1","0","2023-03-09 10:14:26","2023-03-09 10:14:26");
INSERT INTO account_transactions VALUES("1067","2023-03-09","1","posr-20230309-102038","14","0.00","0.00","1","0","2023-03-09 10:20:39","2023-03-09 10:20:39");
INSERT INTO account_transactions VALUES("1068","2023-03-09","1","posr-20230309-102038","3","0.00","0.00","1","0","2023-03-09 10:20:39","2023-03-09 10:20:39");
INSERT INTO account_transactions VALUES("1069","2023-03-09","1","posr-20230309-102038","12","0.00","58.00","1","0","2023-03-09 10:20:39","2023-03-09 10:20:39");
INSERT INTO account_transactions VALUES("1070","2023-03-09","1","posr-20230309-102038","1","58.00","0.00","1","0","2023-03-09 10:20:39","2023-03-09 10:20:39");
INSERT INTO account_transactions VALUES("1071","2023-03-09","1","posr-20230309-110335","14","0.00","0.00","1","0","2023-03-09 11:03:36","2023-03-09 11:03:36");
INSERT INTO account_transactions VALUES("1072","2023-03-09","1","posr-20230309-110335","3","0.00","0.00","1","0","2023-03-09 11:03:36","2023-03-09 11:03:36");
INSERT INTO account_transactions VALUES("1073","2023-03-09","1","posr-20230309-110335","12","0.00","116.00","1","0","2023-03-09 11:03:36","2023-03-09 11:03:36");
INSERT INTO account_transactions VALUES("1074","2023-03-09","1","posr-20230309-110335","1","116.00","0.00","1","0","2023-03-09 11:03:36","2023-03-09 11:03:36");
INSERT INTO account_transactions VALUES("1075","2023-03-09","1","posr-20230309-111113","14","0.00","0.00","1","0","2023-03-09 11:11:14","2023-03-09 11:11:14");
INSERT INTO account_transactions VALUES("1076","2023-03-09","1","posr-20230309-111113","3","0.00","0.00","1","0","2023-03-09 11:11:14","2023-03-09 11:11:14");
INSERT INTO account_transactions VALUES("1077","2023-03-09","1","posr-20230309-111113","12","0.00","58.00","1","0","2023-03-09 11:11:14","2023-03-09 11:11:14");
INSERT INTO account_transactions VALUES("1078","2023-03-09","1","posr-20230309-111113","1","58.00","0.00","1","0","2023-03-09 11:11:14","2023-03-09 11:11:14");
INSERT INTO account_transactions VALUES("1079","2023-03-10","1","sr-20230310-025055","2","0.00","150.00","1","0","2023-03-10 15:06:24","2023-03-10 15:06:24");
INSERT INTO account_transactions VALUES("1080","2023-03-10","1","sr-20230310-025055","1","150.00","0.00","1","0","2023-03-10 15:06:24","2023-03-10 15:06:24");
INSERT INTO account_transactions VALUES("1081","2023-03-10","1","sr-20230310-110605","2","0.00","0.00","1","0","2023-03-10 23:09:56","2023-03-10 23:09:56");
INSERT INTO account_transactions VALUES("1082","2023-03-10","1","sr-20230310-110605","1","0.00","0.00","1","0","2023-03-10 23:09:56","2023-03-10 23:09:56");
INSERT INTO account_transactions VALUES("1083","2023-03-10","1","sr-20230310-024828","2","0.00","30.00","1","0","2023-03-10 23:10:40","2023-03-10 23:10:40");
INSERT INTO account_transactions VALUES("1084","2023-03-10","1","sr-20230310-024828","1","30.00","0.00","1","0","2023-03-10 23:10:40","2023-03-10 23:10:40");
INSERT INTO account_transactions VALUES("1085","2023-03-11","1","sr-20230310-014532","2","0.00","30.00","1","0","2023-03-11 06:39:15","2023-03-11 06:39:15");
INSERT INTO account_transactions VALUES("1086","2023-03-11","1","sr-20230310-014532","1","30.00","0.00","1","0","2023-03-11 06:39:15","2023-03-11 06:39:15");
INSERT INTO account_transactions VALUES("1087","2023-03-11","1","sr-20230310-014532","2","0.00","0.00","1","0","2023-03-11 06:40:02","2023-03-11 06:40:02");
INSERT INTO account_transactions VALUES("1088","2023-03-11","1","sr-20230310-014532","1","0.00","0.00","1","0","2023-03-11 06:40:02","2023-03-11 06:40:02");
INSERT INTO account_transactions VALUES("1089","2023-03-11","1","sr-20230310-024049","2","0.00","15.00","1","0","2023-03-11 06:40:59","2023-03-11 06:40:59");
INSERT INTO account_transactions VALUES("1090","2023-03-11","1","sr-20230310-024049","1","15.00","0.00","1","0","2023-03-11 06:40:59","2023-03-11 06:40:59");
INSERT INTO account_transactions VALUES("1091","2023-03-11","1","sr-20230311-065252","14","0.00","0.00","1","0","2023-03-11 06:52:53","2023-03-11 06:52:53");
INSERT INTO account_transactions VALUES("1092","2023-03-11","1","sr-20230311-065252","3","0.00","0.00","1","0","2023-03-11 06:52:53","2023-03-11 06:52:53");
INSERT INTO account_transactions VALUES("1093","2023-03-11","1","sr-20230311-065252","12","0.00","","1","0","2023-03-11 06:52:53","2023-03-11 06:52:53");
INSERT INTO account_transactions VALUES("1094","2023-03-11","1","sr-20230311-065252","2","","0.00","1","0","2023-03-11 06:52:53","2023-03-11 06:52:53");
INSERT INTO account_transactions VALUES("1095","2023-03-11","1","sr-20230311-065252","2","0.00","125.00","1","0","2023-03-11 06:55:34","2023-03-11 06:55:34");
INSERT INTO account_transactions VALUES("1096","2023-03-11","1","sr-20230311-065252","1","125.00","0.00","1","0","2023-03-11 06:55:34","2023-03-11 06:55:34");
INSERT INTO account_transactions VALUES("1097","2023-03-11","1","pr-20230311-070258","3","100000.00","0.00","1","0","2023-03-11 07:02:58","2023-03-11 07:02:58");
INSERT INTO account_transactions VALUES("1098","2023-03-11","1","pr-20230311-070258","6","0.00","100000.00","1","0","2023-03-11 07:02:58","2023-03-11 07:02:58");
INSERT INTO account_transactions VALUES("1099","2023-03-11","1","posr-20230311-070502","14","100000.00","0.00","1","0","2023-03-11 07:05:03","2023-03-11 07:05:03");
INSERT INTO account_transactions VALUES("1100","2023-03-11","1","posr-20230311-070502","3","0.00","100000.00","1","0","2023-03-11 07:05:03","2023-03-11 07:05:03");
INSERT INTO account_transactions VALUES("1101","2023-03-11","1","posr-20230311-070502","12","0.00","550.00","1","0","2023-03-11 07:05:03","2023-03-11 07:05:03");
INSERT INTO account_transactions VALUES("1102","2023-03-11","1","posr-20230311-070502","1","550.00","0.00","1","0","2023-03-11 07:05:03","2023-03-11 07:05:03");
INSERT INTO account_transactions VALUES("1153","2023-03-11","1","returned-from-Store one-to-main-warehouse-transfered-wpr-20230304-060159-on-2023-03-11 13:02:49","3","3108.00","0.00","1","0","2023-03-11 13:02:50","2023-03-11 13:02:50");
INSERT INTO account_transactions VALUES("1154","2023-03-11","1","returned-from-Store one-to-main-warehouse-transfered-wpr-20230304-060159-on-2023-03-11 13:02:49","3","0.00","3108.00","3","0","2023-03-11 13:02:50","2023-03-11 13:02:50");
INSERT INTO account_transactions VALUES("1155","2023-03-11","1","wpr-20230311-010535","3","42.00","0.00","3","0","2023-03-11 13:05:35","2023-03-11 13:05:35");
INSERT INTO account_transactions VALUES("1156","2023-03-11","1","wpr-20230311-010535","6","0.00","42.00","3","0","2023-03-11 13:05:35","2023-03-11 13:05:35");
INSERT INTO account_transactions VALUES("1157","2023-03-11","1","wpr-20230311-010553","3","840.00","0.00","3","0","2023-03-11 13:05:54","2023-03-11 13:05:54");
INSERT INTO account_transactions VALUES("1158","2023-03-11","1","wpr-20230311-010553","6","0.00","840.00","3","0","2023-03-11 13:05:54","2023-03-11 13:05:54");
INSERT INTO account_transactions VALUES("1159","2023-03-11","1","wpr-20230311-010612","3","14.00","0.00","3","0","2023-03-11 13:06:12","2023-03-11 13:06:12");
INSERT INTO account_transactions VALUES("1160","2023-03-11","1","wpr-20230311-010612","6","0.00","14.00","3","0","2023-03-11 13:06:13","2023-03-11 13:06:13");
INSERT INTO account_transactions VALUES("1161","2023-03-11","1","transfered-wpr-20230311-010612-on-2023-03-11 13:06:40","3","0.00","14.00","3","0","2023-03-11 13:06:41","2023-03-11 13:06:41");
INSERT INTO account_transactions VALUES("1162","2023-03-11","1","transfered-wpr-20230311-010612-on-2023-03-11 13:06:40","3","14.00","0.00","1","0","2023-03-11 13:06:41","2023-03-11 13:06:41");
INSERT INTO account_transactions VALUES("1163","2023-03-11","1","wpr-20230311-012650","3","120.00","0.00","3","0","2023-03-11 13:26:51","2023-03-11 13:26:51");
INSERT INTO account_transactions VALUES("1164","2023-03-11","1","wpr-20230311-012650","6","0.00","120.00","3","0","2023-03-11 13:26:51","2023-03-11 13:26:51");
INSERT INTO account_transactions VALUES("1165","2023-03-11","1","wpr-20230311-012725","3","400.00","0.00","3","0","2023-03-11 13:27:25","2023-03-11 13:27:25");
INSERT INTO account_transactions VALUES("1166","2023-03-11","1","wpr-20230311-012725","6","0.00","400.00","3","0","2023-03-11 13:27:26","2023-03-11 13:27:26");
INSERT INTO account_transactions VALUES("1167","2023-03-11","1","wpr-20230311-020813","3","5200.00","0.00","3","0","2023-03-11 14:08:13","2023-03-11 14:08:13");
INSERT INTO account_transactions VALUES("1168","2023-03-11","1","wpr-20230311-020813","6","0.00","5200.00","3","0","2023-03-11 14:08:14","2023-03-11 14:08:14");
INSERT INTO account_transactions VALUES("1169","2023-03-11","1","wpr-20230311-030231","3","400.00","0.00","3","0","2023-03-11 15:02:31","2023-03-11 15:02:31");
INSERT INTO account_transactions VALUES("1170","2023-03-11","1","wpr-20230311-030231","6","0.00","400.00","3","0","2023-03-11 15:02:31","2023-03-11 15:02:31");
INSERT INTO account_transactions VALUES("1171","2023-03-11","1","wpr-20230311-030330","3","540.00","0.00","3","0","2023-03-11 15:03:30","2023-03-11 15:03:30");
INSERT INTO account_transactions VALUES("1172","2023-03-11","1","wpr-20230311-030330","6","0.00","540.00","3","0","2023-03-11 15:03:30","2023-03-11 15:03:30");
INSERT INTO account_transactions VALUES("1173","2023-03-11","1","wpr-20230311-031747","3","210.00","0.00","3","0","2023-03-11 15:17:47","2023-03-11 15:17:47");
INSERT INTO account_transactions VALUES("1174","2023-03-11","1","wpr-20230311-031747","6","0.00","210.00","3","0","2023-03-11 15:17:47","2023-03-11 15:17:47");



CREATE TABLE `account_transactions_adjusment` (
  `id` int(10) unsigned NOT NULL AUTO_INCREMENT,
  `date` date NOT NULL,
  `user_id` int(10) unsigned NOT NULL,
  `account_id` int(11) DEFAULT NULL,
  `cash_register_id` int(11) DEFAULT NULL,
  `reference_no` varchar(500) NOT NULL,
  `reason` varchar(500) NOT NULL,
  `chartof_accounts_id` int(10) unsigned NOT NULL,
  `debit` decimal(65,2) DEFAULT NULL,
  `credit` decimal(65,2) DEFAULT NULL,
  `warehouse_id` int(11) NOT NULL,
  `is_closed` tinyint(1) NOT NULL DEFAULT 0,
  `created_at` timestamp NULL DEFAULT NULL,
  `updated_at` timestamp NULL DEFAULT NULL,
  PRIMARY KEY (`id`)
) ENGINE=InnoDB AUTO_INCREMENT=925 DEFAULT CHARSET=utf8mb4 COLLATE=utf8mb4_unicode_ci;

INSERT INTO account_transactions_adjusment VALUES("913","2023-03-07","1","6","3","credit-transaction-adjustment-20230307-110902","ambd asm,db asmdb asd","1","0.00","100.00","1","0","2023-03-07 11:09:02","2023-03-07 11:09:02");
INSERT INTO account_transactions_adjusment VALUES("914","2023-03-07","1","6","3","debit-transaction-adjustment-20230307-114647","reason","1","1000.00","0.00","1","0","2023-03-07 11:46:47","2023-03-07 11:46:47");
INSERT INTO account_transactions_adjusment VALUES("915","2023-03-07","1","6","3","debit-transaction-adjustment-20230307-034942","fhsdfhjhfjdfhjsdfhsdjhf","12","201107440.00","0.00","1","0","2023-03-07 15:49:42","2023-03-07 15:49:42");
INSERT INTO account_transactions_adjusment VALUES("916","2023-03-07","1","6","3","debit-transaction-adjustment-20230307-035355","asddssaa","12","201107440.00","0.00","1","0","2023-03-07 15:53:55","2023-03-07 15:53:55");
INSERT INTO account_transactions_adjusment VALUES("917","2023-03-07","1","6","3","debit-transaction-adjustment-20230307-035641","a","12","5000000.00","0.00","1","0","2023-03-07 15:56:41","2023-03-07 15:56:41");
INSERT INTO account_transactions_adjusment VALUES("918","2023-03-07","1","6","3","debit-transaction-adjustment-20230307-041533","ghjhgjagdjs","12","50000000.00","0.00","1","0","2023-03-07 16:15:33","2023-03-07 16:15:33");
INSERT INTO account_transactions_adjusment VALUES("919","2023-03-07","1","6","3","debit-transaction-adjustment-20230307-042803","a","12","50000000.00","0.00","1","0","2023-03-07 16:28:04","2023-03-07 16:28:04");
INSERT INTO account_transactions_adjusment VALUES("920","2023-03-07","1","6","3","credit-transaction-adjustment-20230307-042946","gg","12","0.00","100000000.00","1","0","2023-03-07 16:29:46","2023-03-07 16:29:46");
INSERT INTO account_transactions_adjusment VALUES("921","2023-03-07","1","6","3","debit-transaction-adjustment-20230307-064510","sssss","40","0.00","0.00","1","0","2023-03-07 18:45:10","2023-03-07 18:45:10");
INSERT INTO account_transactions_adjusment VALUES("922","2023-03-07","1","6","3","debit-transaction-adjustment-20230307-064649","x","40","1.00","0.00","1","0","2023-03-07 18:46:49","2023-03-07 18:46:49");
INSERT INTO account_transactions_adjusment VALUES("923","2023-03-08","1","6","","debit-transaction-adjustment-20230308-094715","aaaaaaaa","1","400000.00","0.00","2","0","2023-03-08 09:47:15","2023-03-08 09:47:15");
INSERT INTO account_transactions_adjusment VALUES("924","2023-03-08","1","6","","credit-transaction-adjustment-20230308-095305","a","7","0.00","789654.00","2","0","2023-03-08 09:53:05","2023-03-08 09:53:05");



CREATE TABLE `accounts` (
  `id` int(10) unsigned NOT NULL AUTO_INCREMENT,
  `account_no` varchar(191) NOT NULL,
  `name` varchar(191) NOT NULL,
  `initial_balance` double DEFAULT NULL,
  `total_balance` double NOT NULL,
  `note` text DEFAULT NULL,
  `is_default` tinyint(1) DEFAULT NULL,
  `is_active` tinyint(1) NOT NULL,
  `created_at` timestamp NULL DEFAULT NULL,
  `updated_at` timestamp NULL DEFAULT NULL,
  PRIMARY KEY (`id`)
) ENGINE=InnoDB AUTO_INCREMENT=8 DEFAULT CHARSET=utf8mb4 COLLATE=utf8mb4_unicode_ci;

INSERT INTO accounts VALUES("6","100564784","CBE sales Account","10000","1000","we are using this account right now","0","1","2023-01-31 16:17:18","2023-03-08 18:03:03");
INSERT INTO accounts VALUES("7","10554892","BOA","100","100","","1","1","2023-02-06 17:48:00","2023-03-08 18:03:03");



CREATE TABLE `adjustments` (
  `id` int(10) unsigned NOT NULL AUTO_INCREMENT,
  `reference_no` varchar(191) NOT NULL,
  `warehouse_id` int(11) NOT NULL,
  `document` varchar(191) DEFAULT NULL,
  `total_qty` double NOT NULL,
  `item` int(11) NOT NULL,
  `note` text DEFAULT NULL,
  `created_at` timestamp NULL DEFAULT NULL,
  `updated_at` timestamp NULL DEFAULT NULL,
  PRIMARY KEY (`id`)
) ENGINE=InnoDB AUTO_INCREMENT=6 DEFAULT CHARSET=utf8mb4 COLLATE=utf8mb4_unicode_ci;

INSERT INTO adjustments VALUES("3","adr-20230307-073127","1","","3037","2","","2023-03-07 07:31:27","2023-03-07 07:36:26");
INSERT INTO adjustments VALUES("4","adr-20230307-073426","1","","195","1","","2023-03-07 07:34:26","2023-03-07 07:34:26");
INSERT INTO adjustments VALUES("5","adr-20230307-073427","1","","195","1","","2023-03-07 07:34:27","2023-03-07 07:34:27");



CREATE TABLE `attendances` (
  `id` int(10) unsigned NOT NULL AUTO_INCREMENT,
  `date` date NOT NULL,
  `employee_id` int(11) NOT NULL,
  `user_id` int(11) NOT NULL,
  `checkin` varchar(191) NOT NULL,
  `checkout` varchar(191) NOT NULL,
  `status` int(11) NOT NULL,
  `note` text DEFAULT NULL,
  `created_at` timestamp NULL DEFAULT NULL,
  `updated_at` timestamp NULL DEFAULT NULL,
  PRIMARY KEY (`id`)
) ENGINE=InnoDB AUTO_INCREMENT=4 DEFAULT CHARSET=utf8mb4 COLLATE=utf8mb4_unicode_ci;

INSERT INTO attendances VALUES("1","2023-03-09","1","1","9:45am","2:00pm","1","","2023-03-08 17:14:19","2023-03-08 17:14:19");
INSERT INTO attendances VALUES("2","2023-03-09","2","1","9:45am","2:00pm","1","","2023-03-08 17:14:19","2023-03-08 17:14:19");
INSERT INTO attendances VALUES("3","2023-03-07","2","1","9:45am","9:45pm","1","","2023-03-08 17:16:04","2023-03-08 17:16:04");



CREATE TABLE `billers` (
  `id` int(10) unsigned NOT NULL AUTO_INCREMENT,
  `name` varchar(191) NOT NULL,
  `image` varchar(191) DEFAULT NULL,
  `company_name` varchar(191) NOT NULL,
  `vat_number` varchar(191) DEFAULT NULL,
  `email` varchar(191) NOT NULL,
  `phone_number` varchar(191) NOT NULL,
  `address` varchar(191) NOT NULL,
  `city` varchar(191) NOT NULL,
  `state` varchar(191) DEFAULT NULL,
  `postal_code` varchar(191) DEFAULT NULL,
  `country` varchar(191) DEFAULT NULL,
  `is_active` tinyint(1) DEFAULT NULL,
  `created_at` timestamp NULL DEFAULT NULL,
  `updated_at` timestamp NULL DEFAULT NULL,
  PRIMARY KEY (`id`)
) ENGINE=InnoDB AUTO_INCREMENT=2 DEFAULT CHARSET=utf8mb4 COLLATE=utf8mb4_unicode_ci;

INSERT INTO billers VALUES("1","Abreham","","Agelgil share company","78965426585212","abrehamgebremedin12@gmail.com","+251970493518","03 Kebele, Eresha sub city","Butajira","SNNPR","1000","Ethiopia","1","2023-02-02 16:22:44","2023-03-07 15:26:43");



CREATE TABLE `brands` (
  `id` int(10) unsigned NOT NULL AUTO_INCREMENT,
  `title` varchar(191) NOT NULL,
  `image` varchar(191) DEFAULT NULL,
  `is_active` tinyint(1) DEFAULT NULL,
  `created_at` timestamp NULL DEFAULT NULL,
  `updated_at` timestamp NULL DEFAULT NULL,
  PRIMARY KEY (`id`)
) ENGINE=InnoDB AUTO_INCREMENT=7 DEFAULT CHARSET=utf8mb4 COLLATE=utf8mb4_unicode_ci;

INSERT INTO brands VALUES("1","Standard","","1","2023-02-02 16:12:11","2023-02-02 16:12:11");
INSERT INTO brands VALUES("2","Iphone","","1","2023-02-02 16:12:31","2023-02-02 16:12:31");
INSERT INTO brands VALUES("3","CocaCola","20230308054247.png","1","2023-03-08 17:42:47","2023-03-08 17:42:47");
INSERT INTO brands VALUES("4","HP","20230308054307.jpg","1","2023-03-08 17:43:07","2023-03-08 17:43:07");
INSERT INTO brands VALUES("5","Samsung","20230308054328.jpg","1","2023-03-08 17:43:28","2023-03-08 17:43:28");
INSERT INTO brands VALUES("6","Apple","20230308054349.jpg","1","2023-03-08 17:43:49","2023-03-08 17:43:49");



CREATE TABLE `cash_registers` (
  `id` int(10) unsigned NOT NULL AUTO_INCREMENT,
  `cash_in_hand` double NOT NULL,
  `user_id` int(11) NOT NULL,
  `warehouse_id` int(11) NOT NULL,
  `status` tinyint(1) NOT NULL,
  `created_at` timestamp NULL DEFAULT NULL,
  `updated_at` timestamp NULL DEFAULT NULL,
  PRIMARY KEY (`id`)
) ENGINE=InnoDB AUTO_INCREMENT=4 DEFAULT CHARSET=utf8mb4 COLLATE=utf8mb4_unicode_ci;

INSERT INTO cash_registers VALUES("1","100","1","1","0","2023-02-02 16:23:08","2023-02-03 08:54:46");
INSERT INTO cash_registers VALUES("2","100","1","2","0","2023-02-06 11:03:59","2023-02-06 11:04:33");
INSERT INTO cash_registers VALUES("3","100","1","1","1","2023-02-06 17:30:39","2023-02-06 17:30:39");



CREATE TABLE `categories` (
  `id` int(10) unsigned NOT NULL AUTO_INCREMENT,
  `name` varchar(191) NOT NULL,
  `image` varchar(191) DEFAULT NULL,
  `parent_id` int(11) DEFAULT NULL,
  `is_active` tinyint(1) DEFAULT NULL,
  `created_at` timestamp NULL DEFAULT NULL,
  `updated_at` timestamp NULL DEFAULT NULL,
  PRIMARY KEY (`id`)
) ENGINE=InnoDB AUTO_INCREMENT=5 DEFAULT CHARSET=utf8mb4 COLLATE=utf8mb4_unicode_ci;

INSERT INTO categories VALUES("1","Fruit","","","1","2023-02-02 16:09:39","2023-02-02 16:09:39");
INSERT INTO categories VALUES("2","Diary","","","1","2023-02-02 16:09:39","2023-02-02 16:09:39");
INSERT INTO categories VALUES("3","Meats","","","1","2023-02-02 16:09:39","2023-02-02 16:09:39");
INSERT INTO categories VALUES("4","Electronics","","","1","2023-02-02 16:09:40","2023-02-02 16:09:40");



CREATE TABLE `chartof_account_categories` (
  `id` bigint(20) unsigned NOT NULL AUTO_INCREMENT,
  `name` varchar(191) NOT NULL,
  `created_at` timestamp NULL DEFAULT NULL,
  `updated_at` timestamp NULL DEFAULT NULL,
  PRIMARY KEY (`id`)
) ENGINE=InnoDB AUTO_INCREMENT=6 DEFAULT CHARSET=utf8mb4 COLLATE=utf8mb4_unicode_ci;

INSERT INTO chartof_account_categories VALUES("1","Asset","2023-02-08 17:47:46","");
INSERT INTO chartof_account_categories VALUES("2","Liability","2023-02-08 00:00:00","");
INSERT INTO chartof_account_categories VALUES("3","Equity","2023-02-08 00:00:00","");
INSERT INTO chartof_account_categories VALUES("4","Revenue","","");
INSERT INTO chartof_account_categories VALUES("5","Expense","","");



CREATE TABLE `chartof_accounts` (
  `id` int(10) unsigned NOT NULL AUTO_INCREMENT,
  `code` varchar(191) DEFAULT NULL,
  `name` varchar(191) NOT NULL,
  `chartof_account_categories_id` int(10) unsigned NOT NULL,
  `is_current` tinyint(1) DEFAULT NULL,
  `created_at` timestamp NULL DEFAULT NULL,
  `updated_at` timestamp NULL DEFAULT NULL,
  PRIMARY KEY (`id`)
) ENGINE=InnoDB AUTO_INCREMENT=41 DEFAULT CHARSET=utf8mb4 COLLATE=utf8mb4_unicode_ci;

INSERT INTO chartof_accounts VALUES("1","001","Cash","1","0","","");
INSERT INTO chartof_accounts VALUES("2","002","Accounts Receivable","1","1","","");
INSERT INTO chartof_accounts VALUES("3","003","Purchase","1","0","","");
INSERT INTO chartof_accounts VALUES("4","004","Investments","1","0","","");
INSERT INTO chartof_accounts VALUES("5","005","Property, Plant, and Equipment","1","0","","");
INSERT INTO chartof_accounts VALUES("6","006","Accounts Payable","2","1","","2023-03-07 18:43:22");
INSERT INTO chartof_accounts VALUES("7","007","Loans Payable","2","0","","2023-03-07 18:43:36");
INSERT INTO chartof_accounts VALUES("8","008","Credit Cards","2","1","","2023-03-07 18:43:52");
INSERT INTO chartof_accounts VALUES("9","009","Salaries Payable","2","1","","2023-03-07 18:44:09");
INSERT INTO chartof_accounts VALUES("10","010","Common Stock","3","0","","2023-03-07 18:44:23");
INSERT INTO chartof_accounts VALUES("11","011","Retained Earnings","3","0","","2023-03-07 23:07:49");
INSERT INTO chartof_accounts VALUES("12","012","Sales","4","1","","2023-03-07 23:08:04");
INSERT INTO chartof_accounts VALUES("13","013","Service Revenues","4","1","","2023-03-07 23:08:23");
INSERT INTO chartof_accounts VALUES("14","014","Cost of Goods Sold","5","1","","2023-03-07 23:08:40");
INSERT INTO chartof_accounts VALUES("15","015","Rent","5","1","","2023-03-07 23:10:25");
INSERT INTO chartof_accounts VALUES("16","016","Utilities","5","1","","2023-03-07 23:10:41");
INSERT INTO chartof_accounts VALUES("17","017","Advertising","5","1","","2023-03-07 23:10:57");
INSERT INTO chartof_accounts VALUES("18","018","Payroll and employee benefits","5","1","","2023-03-07 23:13:13");
INSERT INTO chartof_accounts VALUES("19","019","supplies","5","1","","2023-03-07 23:13:33");
INSERT INTO chartof_accounts VALUES("20","020","supplies","5","1","","2023-03-07 23:13:48");
INSERT INTO chartof_accounts VALUES("21","021","Payroll and employee benefits","5","1","","2023-03-07 23:14:09");
INSERT INTO chartof_accounts VALUES("22","022","Insurance Expense","5","1","","2023-03-07 23:15:27");
INSERT INTO chartof_accounts VALUES("23","023","Travel and entertainment","5","1","","2023-03-07 23:15:43");
INSERT INTO chartof_accounts VALUES("24","024","Maintenance and repairs","5","1","","2023-03-07 23:15:57");
INSERT INTO chartof_accounts VALUES("25","025","Depreciation Expense","5","0","","2023-03-07 23:16:12");
INSERT INTO chartof_accounts VALUES("26","026","Interest and finance charges","5","1","","2023-03-07 23:16:29");
INSERT INTO chartof_accounts VALUES("27","027","Professional fees","5","1","","2023-03-07 23:16:43");
INSERT INTO chartof_accounts VALUES("28","028","income tax Expense","5","1","","2023-03-07 23:17:05");
INSERT INTO chartof_accounts VALUES("29","029","property tax Expense","5","1","","2023-03-07 23:17:23");
INSERT INTO chartof_accounts VALUES("30","030","sales tax Expense","5","1","","2023-03-07 23:17:38");
INSERT INTO chartof_accounts VALUES("31","031","Income taxes payable","2","1","","2023-03-07 23:17:57");
INSERT INTO chartof_accounts VALUES("32","032","Sale taxes payable","2","1","","2023-03-07 23:18:12");
INSERT INTO chartof_accounts VALUES("33","033","Notes payable","2","0","","2023-03-07 23:18:27");
INSERT INTO chartof_accounts VALUES("34","034","Withholding Taxes Payable","2","1","","2023-03-07 23:18:45");
INSERT INTO chartof_accounts VALUES("36","035","Interest Income","4","1","","2023-03-07 23:19:00");
INSERT INTO chartof_accounts VALUES("40","036","Beginning Inventory","1","1","2023-03-07 18:43:06","2023-03-07 23:19:17");



CREATE TABLE `coupons` (
  `id` int(10) unsigned NOT NULL AUTO_INCREMENT,
  `code` varchar(191) NOT NULL,
  `type` varchar(191) NOT NULL,
  `amount` double NOT NULL,
  `minimum_amount` double DEFAULT NULL,
  `quantity` int(11) NOT NULL,
  `used` int(11) NOT NULL,
  `expired_date` date NOT NULL,
  `user_id` int(11) NOT NULL,
  `is_active` tinyint(1) NOT NULL,
  `created_at` timestamp NULL DEFAULT NULL,
  `updated_at` timestamp NULL DEFAULT NULL,
  PRIMARY KEY (`id`)
) ENGINE=InnoDB DEFAULT CHARSET=utf8mb4 COLLATE=utf8mb4_unicode_ci;




CREATE TABLE `currencies` (
  `id` bigint(20) unsigned NOT NULL AUTO_INCREMENT,
  `name` varchar(191) NOT NULL,
  `code` varchar(191) NOT NULL,
  `exchange_rate` double NOT NULL,
  `created_at` timestamp NULL DEFAULT NULL,
  `updated_at` timestamp NULL DEFAULT NULL,
  PRIMARY KEY (`id`)
) ENGINE=InnoDB AUTO_INCREMENT=3 DEFAULT CHARSET=utf8mb4 COLLATE=utf8mb4_unicode_ci;

INSERT INTO currencies VALUES("1","Ethiopian Birr","ETB","1","2020-11-01 03:22:58","2023-01-31 18:05:24");



CREATE TABLE `customer_groups` (
  `id` int(10) unsigned NOT NULL AUTO_INCREMENT,
  `name` varchar(191) NOT NULL,
  `percentage` varchar(191) NOT NULL,
  `is_active` tinyint(1) DEFAULT NULL,
  `created_at` timestamp NULL DEFAULT NULL,
  `updated_at` timestamp NULL DEFAULT NULL,
  PRIMARY KEY (`id`)
) ENGINE=InnoDB AUTO_INCREMENT=4 DEFAULT CHARSET=utf8mb4 COLLATE=utf8mb4_unicode_ci;

INSERT INTO customer_groups VALUES("1","general","0","1","2023-02-02 16:20:42","2023-02-14 09:45:42");
INSERT INTO customer_groups VALUES("2","distributor","-10","1","2023-02-14 10:17:01","2023-02-14 10:17:01");
INSERT INTO customer_groups VALUES("3","reseller","5","1","2023-02-14 10:17:26","2023-02-14 10:17:26");



CREATE TABLE `customers` (
  `id` int(10) unsigned NOT NULL AUTO_INCREMENT,
  `customer_group_id` int(11) NOT NULL,
  `user_id` int(11) DEFAULT NULL,
  `name` varchar(191) NOT NULL,
  `company_name` varchar(191) DEFAULT NULL,
  `email` varchar(191) DEFAULT NULL,
  `phone_number` varchar(191) NOT NULL,
  `tax_no` varchar(191) DEFAULT NULL,
  `address` varchar(191) NOT NULL,
  `city` varchar(191) NOT NULL,
  `state` varchar(191) DEFAULT NULL,
  `postal_code` varchar(191) DEFAULT NULL,
  `country` varchar(191) DEFAULT NULL,
  `points` double DEFAULT NULL,
  `deposit` double DEFAULT NULL,
  `expense` double DEFAULT NULL,
  `is_active` tinyint(1) DEFAULT NULL,
  `created_at` timestamp NULL DEFAULT NULL,
  `updated_at` timestamp NULL DEFAULT NULL,
  PRIMARY KEY (`id`)
) ENGINE=InnoDB AUTO_INCREMENT=4 DEFAULT CHARSET=utf8mb4 COLLATE=utf8mb4_unicode_ci;

INSERT INTO customers VALUES("1","1","","abebe","Goah share company","abrehamgebremedin12@gmail.com","+251970493518","","03 Kebele, Eresha sub city, Buajira Town Ethiopia,","Butajira","","","Ethiopia","7383769","","","1","2023-02-02 16:21:19","2023-03-07 00:02:04");
INSERT INTO customers VALUES("2","1","","Yohannis","Teklebrihan whole sale Company","Teklebrihan@gmail.com","+3214569874567777","","03","Butajira","SNNPR","1000","Ethiopia","","","","1","2023-03-07 15:25:12","2023-03-07 15:25:12");
INSERT INTO customers VALUES("3","1","","Walking In Customer","","","0000000000","","03 Kebele, Eresha sub city","Butajira","","","Ethiopia","177","","","1","2023-03-08 17:46:13","2023-03-11 11:41:09");



CREATE TABLE `deliveries` (
  `id` int(10) unsigned NOT NULL AUTO_INCREMENT,
  `reference_no` varchar(191) NOT NULL,
  `sale_id` int(11) NOT NULL,
  `user_id` int(11) DEFAULT NULL,
  `address` text NOT NULL,
  `delivered_by` varchar(191) DEFAULT NULL,
  `recieved_by` varchar(191) DEFAULT NULL,
  `file` varchar(191) DEFAULT NULL,
  `note` varchar(191) DEFAULT NULL,
  `status` varchar(191) NOT NULL,
  `created_at` timestamp NULL DEFAULT NULL,
  `updated_at` timestamp NULL DEFAULT NULL,
  PRIMARY KEY (`id`)
) ENGINE=InnoDB AUTO_INCREMENT=4 DEFAULT CHARSET=utf8mb4 COLLATE=utf8mb4_unicode_ci;

INSERT INTO deliveries VALUES("1","dr-20230308-091619","217","1","03 Kebele, Eresha sub city Butajira Ethiopia","","","","","3","2023-03-08 21:16:43","2023-03-08 21:16:43");
INSERT INTO deliveries VALUES("2","dr-20230308-091752","216","1","03 Kebele, Eresha sub city Butajira Ethiopia","","Abebe","","","3","2023-03-08 21:18:15","2023-03-08 21:18:15");
INSERT INTO deliveries VALUES("3","dr-20230308-092227","177","1","03 Kebele, Eresha sub city, Buajira Town Ethiopia, Butajira Ethiopia","Eshetu Kebede","Abebe","","","3","2023-03-08 21:22:34","2023-03-08 21:25:11");



CREATE TABLE `departments` (
  `id` int(10) unsigned NOT NULL AUTO_INCREMENT,
  `name` varchar(191) NOT NULL,
  `is_active` tinyint(1) NOT NULL,
  `created_at` timestamp NULL DEFAULT NULL,
  `updated_at` timestamp NULL DEFAULT NULL,
  PRIMARY KEY (`id`)
) ENGINE=InnoDB AUTO_INCREMENT=4 DEFAULT CHARSET=utf8mb4 COLLATE=utf8mb4_unicode_ci;

INSERT INTO departments VALUES("1","purchaser","1","2023-02-06 17:59:56","2023-02-06 17:59:56");
INSERT INTO departments VALUES("2","Sales","1","2023-03-07 15:21:09","2023-03-07 15:21:09");
INSERT INTO departments VALUES("3","Accounting","1","2023-03-07 15:21:21","2023-03-07 15:21:21");



CREATE TABLE `deposits` (
  `id` int(10) unsigned NOT NULL AUTO_INCREMENT,
  `amount` double NOT NULL,
  `customer_id` int(11) NOT NULL,
  `user_id` int(11) NOT NULL,
  `note` text DEFAULT NULL,
  `created_at` timestamp NULL DEFAULT NULL,
  `updated_at` timestamp NULL DEFAULT NULL,
  PRIMARY KEY (`id`)
) ENGINE=InnoDB DEFAULT CHARSET=utf8mb4 COLLATE=utf8mb4_unicode_ci;




CREATE TABLE `discount_plan_customers` (
  `id` bigint(20) unsigned NOT NULL AUTO_INCREMENT,
  `discount_plan_id` int(11) NOT NULL,
  `customer_id` int(11) NOT NULL,
  `created_at` timestamp NULL DEFAULT NULL,
  `updated_at` timestamp NULL DEFAULT NULL,
  PRIMARY KEY (`id`)
) ENGINE=InnoDB DEFAULT CHARSET=utf8mb4 COLLATE=utf8mb4_unicode_ci;




CREATE TABLE `discount_plan_discounts` (
  `id` bigint(20) unsigned NOT NULL AUTO_INCREMENT,
  `discount_id` int(11) NOT NULL,
  `discount_plan_id` int(11) NOT NULL,
  `created_at` timestamp NULL DEFAULT NULL,
  `updated_at` timestamp NULL DEFAULT NULL,
  PRIMARY KEY (`id`)
) ENGINE=InnoDB DEFAULT CHARSET=utf8mb4 COLLATE=utf8mb4_unicode_ci;




CREATE TABLE `discount_plans` (
  `id` bigint(20) unsigned NOT NULL AUTO_INCREMENT,
  `name` varchar(191) NOT NULL,
  `is_active` tinyint(1) NOT NULL,
  `created_at` timestamp NULL DEFAULT NULL,
  `updated_at` timestamp NULL DEFAULT NULL,
  PRIMARY KEY (`id`)
) ENGINE=InnoDB DEFAULT CHARSET=utf8mb4 COLLATE=utf8mb4_unicode_ci;




CREATE TABLE `discounts` (
  `id` bigint(20) unsigned NOT NULL AUTO_INCREMENT,
  `name` varchar(191) NOT NULL,
  `applicable_for` varchar(191) NOT NULL,
  `product_list` longtext DEFAULT NULL,
  `valid_from` date NOT NULL,
  `valid_till` date NOT NULL,
  `type` varchar(191) NOT NULL,
  `value` double NOT NULL,
  `minimum_qty` double NOT NULL,
  `maximum_qty` double NOT NULL,
  `days` varchar(191) NOT NULL,
  `is_active` tinyint(1) NOT NULL,
  `created_at` timestamp NULL DEFAULT NULL,
  `updated_at` timestamp NULL DEFAULT NULL,
  PRIMARY KEY (`id`)
) ENGINE=InnoDB DEFAULT CHARSET=utf8mb4 COLLATE=utf8mb4_unicode_ci;




CREATE TABLE `dividends` (
  `id` int(10) unsigned NOT NULL AUTO_INCREMENT,
  `date` date NOT NULL,
  `shareholder_id` bigint(20) unsigned NOT NULL,
  `amount` decimal(8,2) NOT NULL,
  `created_at` timestamp NULL DEFAULT NULL,
  `updated_at` timestamp NULL DEFAULT NULL,
  PRIMARY KEY (`id`)
) ENGINE=InnoDB DEFAULT CHARSET=utf8mb4 COLLATE=utf8mb4_unicode_ci;




CREATE TABLE `dso_alerts` (
  `id` bigint(20) unsigned NOT NULL AUTO_INCREMENT,
  `product_info` longtext NOT NULL,
  `number_of_products` int(11) NOT NULL,
  `created_at` timestamp NULL DEFAULT NULL,
  `updated_at` timestamp NULL DEFAULT NULL,
  PRIMARY KEY (`id`)
) ENGINE=InnoDB DEFAULT CHARSET=utf8mb4 COLLATE=utf8mb4_unicode_ci;




CREATE TABLE `employees` (
  `id` int(10) unsigned NOT NULL AUTO_INCREMENT,
  `name` varchar(191) NOT NULL,
  `email` varchar(191) NOT NULL,
  `phone_number` varchar(191) NOT NULL,
  `department_id` int(11) NOT NULL,
  `user_id` int(11) DEFAULT NULL,
  `image` varchar(191) DEFAULT NULL,
  `address` varchar(191) DEFAULT NULL,
  `city` varchar(191) DEFAULT NULL,
  `country` varchar(191) DEFAULT NULL,
  `is_active` tinyint(1) NOT NULL,
  `created_at` timestamp NULL DEFAULT NULL,
  `updated_at` timestamp NULL DEFAULT NULL,
  PRIMARY KEY (`id`)
) ENGINE=InnoDB AUTO_INCREMENT=3 DEFAULT CHARSET=utf8mb4 COLLATE=utf8mb4_unicode_ci;

INSERT INTO employees VALUES("1","Maregn","maregn@admin.com","+2519704935184567","1","","","03 Kebele, Eresha sub city, Buajira Town Ethiopia,","Butajira","Ethiopia","1","2023-02-06 18:00:59","2023-02-06 18:00:59");
INSERT INTO employees VALUES("2","Yohannis Gelan","Yohannis@gmail.com","+3214569874564","1","47","Yohannisgmailcom.jpg","aaa","aaa","aaaaaaaaaaaa","1","2023-03-07 15:16:52","2023-03-07 15:16:52");



CREATE TABLE `employees1` (
  `id` int(11) NOT NULL AUTO_INCREMENT,
  `name` varchar(255) DEFAULT NULL,
  `designation` varchar(255) DEFAULT NULL,
  `salary` decimal(10,2) DEFAULT NULL,
  `working_days` int(11) DEFAULT NULL,
  PRIMARY KEY (`id`)
) ENGINE=InnoDB AUTO_INCREMENT=4 DEFAULT CHARSET=utf8mb4 COLLATE=utf8mb4_general_ci;

INSERT INTO employees1 VALUES("1","John Doe","Manager","5000.00","30");
INSERT INTO employees1 VALUES("2","Jane Doe","Engineer","6000.00","28");
INSERT INTO employees1 VALUES("3","Bob Smith","Developer","7000.00","29");



CREATE TABLE `expense_categories` (
  `id` int(10) unsigned NOT NULL AUTO_INCREMENT,
  `code` varchar(191) NOT NULL,
  `name` varchar(191) NOT NULL,
  `is_active` tinyint(1) NOT NULL,
  `created_at` timestamp NULL DEFAULT NULL,
  `updated_at` timestamp NULL DEFAULT NULL,
  PRIMARY KEY (`id`)
) ENGINE=InnoDB AUTO_INCREMENT=14 DEFAULT CHARSET=utf8mb4 COLLATE=utf8mb4_unicode_ci;

INSERT INTO expense_categories VALUES("1","exp1","Utilities","1","2023-02-03 08:51:30","2023-02-03 08:51:30");
INSERT INTO expense_categories VALUES("2","exp2","Rent","1","2023-02-06 17:40:54","2023-02-06 17:40:54");
INSERT INTO expense_categories VALUES("3","exp3","supplies","1","","");
INSERT INTO expense_categories VALUES("4","exp4","Payroll and employee benefits","1","","");
INSERT INTO expense_categories VALUES("5","exp5","Insurance","1","","");
INSERT INTO expense_categories VALUES("6","exp6","Travel and entertainment","1","","");
INSERT INTO expense_categories VALUES("7","exp7","Maintenance and repairs","1","","");
INSERT INTO expense_categories VALUES("8","exp8","Depreciation","1","","");
INSERT INTO expense_categories VALUES("9","exp9","Interest and finance charges","1","","");
INSERT INTO expense_categories VALUES("10","exp10","Professional fees","1","","");
INSERT INTO expense_categories VALUES("11","exp11","income tax","1","","");
INSERT INTO expense_categories VALUES("12","exp12","property tax","1","","");
INSERT INTO expense_categories VALUES("13","exp13","sales tax","1","","");



CREATE TABLE `expenses` (
  `id` int(10) unsigned NOT NULL AUTO_INCREMENT,
  `reference_no` varchar(191) NOT NULL,
  `expense_category_id` int(10) unsigned NOT NULL,
  `warehouse_id` int(11) NOT NULL,
  `account_id` int(11) NOT NULL,
  `user_id` int(11) NOT NULL,
  `cash_register_id` int(11) DEFAULT NULL,
  `amount` double NOT NULL,
  `note` text DEFAULT NULL,
  `created_at` timestamp NULL DEFAULT NULL,
  `updated_at` timestamp NULL DEFAULT NULL,
  PRIMARY KEY (`id`),
  KEY `expense_category_id` (`expense_category_id`)
) ENGINE=InnoDB AUTO_INCREMENT=15 DEFAULT CHARSET=utf8mb4 COLLATE=utf8mb4_unicode_ci;

INSERT INTO expenses VALUES("11","er-20230307-122857","6","1","6","1","3","15000","","2023-03-07 00:28:57","2023-03-07 00:28:57");
INSERT INTO expenses VALUES("12","er-20230307-102003","5","1","6","1","3","3","","2023-03-07 10:20:03","2023-03-07 10:20:03");
INSERT INTO expenses VALUES("13","er-20230307-102017","1","1","6","1","3","3","","2023-03-07 10:20:17","2023-03-07 10:20:17");
INSERT INTO expenses VALUES("14","er-20230307-102316","2","1","6","1","3","3333","","2023-03-07 10:23:16","2023-03-07 10:23:16");



CREATE TABLE `failed_jobs` (
  `id` bigint(20) unsigned NOT NULL AUTO_INCREMENT,
  `connection` text NOT NULL,
  `queue` text NOT NULL,
  `payload` longtext NOT NULL,
  `exception` longtext NOT NULL,
  `failed_at` timestamp NOT NULL DEFAULT current_timestamp(),
  PRIMARY KEY (`id`)
) ENGINE=InnoDB DEFAULT CHARSET=utf8mb4 COLLATE=utf8mb4_unicode_ci;




CREATE TABLE `general_settings` (
  `id` int(10) unsigned NOT NULL AUTO_INCREMENT,
  `site_title` varchar(191) NOT NULL,
  `company_name` varchar(500) NOT NULL,
  `fiscal_year` date NOT NULL DEFAULT current_timestamp(),
  `site_logo` varchar(191) DEFAULT NULL,
  `is_rtl` tinyint(1) DEFAULT NULL,
  `currency` varchar(191) NOT NULL,
  `staff_access` varchar(191) NOT NULL,
  `date_format` varchar(191) NOT NULL,
  `developed_by` varchar(191) DEFAULT NULL,
  `invoice_format` varchar(191) DEFAULT NULL,
  `decimal` int(11) DEFAULT 2,
  `state` int(11) DEFAULT NULL,
  `theme` varchar(191) NOT NULL,
  `created_at` timestamp NULL DEFAULT NULL,
  `updated_at` timestamp NULL DEFAULT NULL,
  `currency_position` varchar(191) NOT NULL,
  PRIMARY KEY (`id`)
) ENGINE=InnoDB AUTO_INCREMENT=2 DEFAULT CHARSET=utf8mb4 COLLATE=utf8mb4_unicode_ci;

INSERT INTO general_settings VALUES("1","InvoSale, Inventory Management System","Agelgil Share Company","2022-07-08","20230205010423.jpg","0","1","all","d/m/Y","Abreham Gebremedin Debele","standard","2","1","default.css","2018-07-06 09:13:11","2023-03-03 22:29:26","suffix");



CREATE TABLE `gift_card_recharges` (
  `id` int(10) unsigned NOT NULL AUTO_INCREMENT,
  `gift_card_id` int(11) NOT NULL,
  `amount` double NOT NULL,
  `user_id` int(11) NOT NULL,
  `created_at` timestamp NULL DEFAULT NULL,
  `updated_at` timestamp NULL DEFAULT NULL,
  PRIMARY KEY (`id`)
) ENGINE=InnoDB DEFAULT CHARSET=utf8mb4 COLLATE=utf8mb4_unicode_ci;




CREATE TABLE `gift_cards` (
  `id` int(10) unsigned NOT NULL AUTO_INCREMENT,
  `card_no` varchar(191) NOT NULL,
  `amount` double NOT NULL,
  `expense` double NOT NULL,
  `customer_id` int(11) DEFAULT NULL,
  `user_id` int(11) DEFAULT NULL,
  `expired_date` date DEFAULT NULL,
  `created_by` int(11) NOT NULL,
  `is_active` tinyint(1) NOT NULL,
  `created_at` timestamp NULL DEFAULT NULL,
  `updated_at` timestamp NULL DEFAULT NULL,
  PRIMARY KEY (`id`)
) ENGINE=InnoDB DEFAULT CHARSET=utf8mb4 COLLATE=utf8mb4_unicode_ci;




CREATE TABLE `holidays` (
  `id` int(10) unsigned NOT NULL AUTO_INCREMENT,
  `user_id` int(11) NOT NULL,
  `from_date` date NOT NULL,
  `to_date` date NOT NULL,
  `note` text DEFAULT NULL,
  `is_approved` tinyint(1) NOT NULL,
  `created_at` timestamp NULL DEFAULT NULL,
  `updated_at` timestamp NULL DEFAULT NULL,
  PRIMARY KEY (`id`)
) ENGINE=InnoDB AUTO_INCREMENT=3 DEFAULT CHARSET=utf8mb4 COLLATE=utf8mb4_unicode_ci;

INSERT INTO holidays VALUES("1","1","2023-03-08","2023-03-08","","1","2023-03-08 17:18:35","2023-03-08 17:18:35");
INSERT INTO holidays VALUES("2","1","2023-03-08","2023-03-09","","1","2023-03-08 17:19:13","2023-03-08 17:19:13");



CREATE TABLE `hrm_settings` (
  `id` int(10) unsigned NOT NULL AUTO_INCREMENT,
  `checkin` varchar(191) NOT NULL,
  `checkout` varchar(191) NOT NULL,
  `created_at` timestamp NULL DEFAULT NULL,
  `updated_at` timestamp NULL DEFAULT NULL,
  PRIMARY KEY (`id`)
) ENGINE=InnoDB AUTO_INCREMENT=2 DEFAULT CHARSET=utf8mb4 COLLATE=utf8mb4_unicode_ci;

INSERT INTO hrm_settings VALUES("1","10:00am","6:00pm","2019-01-02 05:20:08","2019-01-02 07:20:53");



CREATE TABLE `languages` (
  `id` int(10) unsigned NOT NULL AUTO_INCREMENT,
  `code` varchar(191) NOT NULL,
  `created_at` timestamp NULL DEFAULT NULL,
  `updated_at` timestamp NULL DEFAULT NULL,
  PRIMARY KEY (`id`)
) ENGINE=InnoDB AUTO_INCREMENT=2 DEFAULT CHARSET=utf8mb4 COLLATE=utf8mb4_unicode_ci;

INSERT INTO languages VALUES("1","en","2018-07-08 01:59:17","2019-12-24 20:34:20");



CREATE TABLE `migrations` (
  `id` int(10) unsigned NOT NULL AUTO_INCREMENT,
  `migration` varchar(191) NOT NULL,
  `batch` int(11) NOT NULL,
  PRIMARY KEY (`id`)
) ENGINE=InnoDB AUTO_INCREMENT=174 DEFAULT CHARSET=utf8mb4 COLLATE=utf8mb4_unicode_ci;

INSERT INTO migrations VALUES("1","2014_10_12_000000_create_users_table","1");
INSERT INTO migrations VALUES("2","2014_10_12_100000_create_password_resets_table","1");
INSERT INTO migrations VALUES("3","2018_02_17_060412_create_categories_table","1");
INSERT INTO migrations VALUES("4","2018_02_20_035727_create_brands_table","1");
INSERT INTO migrations VALUES("5","2018_02_25_100635_create_suppliers_table","1");
INSERT INTO migrations VALUES("6","2018_02_27_101619_create_warehouse_table","1");
INSERT INTO migrations VALUES("7","2018_03_03_040448_create_units_table","1");
INSERT INTO migrations VALUES("8","2018_03_04_041317_create_taxes_table","1");
INSERT INTO migrations VALUES("9","2018_03_10_061915_create_customer_groups_table","1");
INSERT INTO migrations VALUES("10","2018_03_10_090534_create_customers_table","1");
INSERT INTO migrations VALUES("11","2018_03_11_095547_create_billers_table","1");
INSERT INTO migrations VALUES("12","2018_04_05_054401_create_products_table","1");
INSERT INTO migrations VALUES("13","2018_04_06_133606_create_purchases_table","1");
INSERT INTO migrations VALUES("14","2018_04_06_154600_create_product_purchases_table","1");
INSERT INTO migrations VALUES("15","2018_04_06_154915_create_product_warhouse_table","1");
INSERT INTO migrations VALUES("16","2018_04_10_085927_create_sales_table","1");
INSERT INTO migrations VALUES("17","2018_04_10_090133_create_product_sales_table","1");
INSERT INTO migrations VALUES("18","2018_04_10_090254_create_payments_table","1");
INSERT INTO migrations VALUES("19","2018_04_10_090341_create_payment_with_cheque_table","1");
INSERT INTO migrations VALUES("20","2018_04_10_090509_create_payment_with_credit_card_table","1");
INSERT INTO migrations VALUES("21","2018_04_13_121436_create_quotation_table","1");
INSERT INTO migrations VALUES("22","2018_04_13_122324_create_product_quotation_table","1");
INSERT INTO migrations VALUES("23","2018_04_14_121802_create_transfers_table","1");
INSERT INTO migrations VALUES("24","2018_04_14_121913_create_product_transfer_table","1");
INSERT INTO migrations VALUES("25","2018_05_13_082847_add_payment_id_and_change_sale_id_to_payments_table","2");
INSERT INTO migrations VALUES("26","2018_05_13_090906_change_customer_id_to_payment_with_credit_card_table","3");
INSERT INTO migrations VALUES("27","2018_05_20_054532_create_adjustments_table","4");
INSERT INTO migrations VALUES("28","2018_05_20_054859_create_product_adjustments_table","4");
INSERT INTO migrations VALUES("29","2018_05_21_163419_create_returns_table","5");
INSERT INTO migrations VALUES("30","2018_05_21_163443_create_product_returns_table","5");
INSERT INTO migrations VALUES("31","2018_06_02_050905_create_roles_table","6");
INSERT INTO migrations VALUES("32","2018_06_02_073430_add_columns_to_users_table","7");
INSERT INTO migrations VALUES("33","2018_06_03_053738_create_permission_tables","8");
INSERT INTO migrations VALUES("36","2018_06_21_063736_create_pos_setting_table","9");
INSERT INTO migrations VALUES("37","2018_06_21_094155_add_user_id_to_sales_table","10");
INSERT INTO migrations VALUES("38","2018_06_21_101529_add_user_id_to_purchases_table","11");
INSERT INTO migrations VALUES("39","2018_06_21_103512_add_user_id_to_transfers_table","12");
INSERT INTO migrations VALUES("40","2018_06_23_061058_add_user_id_to_quotations_table","13");
INSERT INTO migrations VALUES("41","2018_06_23_082427_add_is_deleted_to_users_table","14");
INSERT INTO migrations VALUES("42","2018_06_25_043308_change_email_to_users_table","15");
INSERT INTO migrations VALUES("43","2018_07_06_115449_create_general_settings_table","16");
INSERT INTO migrations VALUES("44","2018_07_08_043944_create_languages_table","17");
INSERT INTO migrations VALUES("45","2018_07_11_102144_add_user_id_to_returns_table","18");
INSERT INTO migrations VALUES("46","2018_07_11_102334_add_user_id_to_payments_table","18");
INSERT INTO migrations VALUES("47","2018_07_22_130541_add_digital_to_products_table","19");
INSERT INTO migrations VALUES("49","2018_07_24_154250_create_deliveries_table","20");
INSERT INTO migrations VALUES("50","2018_08_16_053336_create_expense_categories_table","21");
INSERT INTO migrations VALUES("51","2018_08_17_115415_create_expenses_table","22");
INSERT INTO migrations VALUES("55","2018_08_18_050418_create_gift_cards_table","23");
INSERT INTO migrations VALUES("56","2018_08_19_063119_create_payment_with_gift_card_table","24");
INSERT INTO migrations VALUES("57","2018_08_25_042333_create_gift_card_recharges_table","25");
INSERT INTO migrations VALUES("58","2018_08_25_101354_add_deposit_expense_to_customers_table","26");
INSERT INTO migrations VALUES("59","2018_08_26_043801_create_deposits_table","27");
INSERT INTO migrations VALUES("60","2018_09_02_044042_add_keybord_active_to_pos_setting_table","28");
INSERT INTO migrations VALUES("61","2018_09_09_092713_create_payment_with_paypal_table","29");
INSERT INTO migrations VALUES("62","2018_09_10_051254_add_currency_to_general_settings_table","30");
INSERT INTO migrations VALUES("63","2018_10_22_084118_add_biller_and_store_id_to_users_table","31");
INSERT INTO migrations VALUES("65","2018_10_26_034927_create_coupons_table","32");
INSERT INTO migrations VALUES("66","2018_10_27_090857_add_coupon_to_sales_table","33");
INSERT INTO migrations VALUES("67","2018_11_07_070155_add_currency_position_to_general_settings_table","34");
INSERT INTO migrations VALUES("68","2018_11_19_094650_add_combo_to_products_table","35");
INSERT INTO migrations VALUES("69","2018_12_09_043712_create_accounts_table","36");
INSERT INTO migrations VALUES("70","2018_12_17_112253_add_is_default_to_accounts_table","37");
INSERT INTO migrations VALUES("71","2018_12_19_103941_add_account_id_to_payments_table","38");
INSERT INTO migrations VALUES("72","2018_12_20_065900_add_account_id_to_expenses_table","39");
INSERT INTO migrations VALUES("73","2018_12_20_082753_add_account_id_to_returns_table","40");
INSERT INTO migrations VALUES("74","2018_12_26_064330_create_return_purchases_table","41");
INSERT INTO migrations VALUES("75","2018_12_26_144210_create_purchase_product_return_table","42");
INSERT INTO migrations VALUES("76","2018_12_26_144708_create_purchase_product_return_table","43");
INSERT INTO migrations VALUES("77","2018_12_27_110018_create_departments_table","44");
INSERT INTO migrations VALUES("78","2018_12_30_054844_create_employees_table","45");
INSERT INTO migrations VALUES("79","2018_12_31_125210_create_payrolls_table","46");
INSERT INTO migrations VALUES("80","2018_12_31_150446_add_department_id_to_employees_table","47");
INSERT INTO migrations VALUES("81","2019_01_01_062708_add_user_id_to_expenses_table","48");
INSERT INTO migrations VALUES("82","2019_01_02_075644_create_hrm_settings_table","49");
INSERT INTO migrations VALUES("83","2019_01_02_090334_create_attendances_table","50");
INSERT INTO migrations VALUES("84","2019_01_27_160956_add_three_columns_to_general_settings_table","51");
INSERT INTO migrations VALUES("85","2019_02_15_183303_create_stock_counts_table","52");
INSERT INTO migrations VALUES("86","2019_02_17_101604_add_is_adjusted_to_stock_counts_table","53");
INSERT INTO migrations VALUES("87","2019_04_13_101707_add_tax_no_to_customers_table","54");
INSERT INTO migrations VALUES("89","2019_10_14_111455_create_holidays_table","55");
INSERT INTO migrations VALUES("90","2019_11_13_145619_add_is_variant_to_products_table","56");
INSERT INTO migrations VALUES("91","2019_11_13_150206_create_product_variants_table","57");
INSERT INTO migrations VALUES("92","2019_11_13_153828_create_variants_table","57");
INSERT INTO migrations VALUES("93","2019_11_25_134041_add_qty_to_product_variants_table","58");
INSERT INTO migrations VALUES("94","2019_11_25_134922_add_variant_id_to_product_purchases_table","58");
INSERT INTO migrations VALUES("95","2019_11_25_145341_add_variant_id_to_product_warehouse_table","58");
INSERT INTO migrations VALUES("96","2019_11_29_182201_add_variant_id_to_product_sales_table","59");
INSERT INTO migrations VALUES("97","2019_12_04_121311_add_variant_id_to_product_quotation_table","60");
INSERT INTO migrations VALUES("98","2019_12_05_123802_add_variant_id_to_product_transfer_table","61");
INSERT INTO migrations VALUES("100","2019_12_08_114954_add_variant_id_to_product_returns_table","62");
INSERT INTO migrations VALUES("101","2019_12_08_203146_add_variant_id_to_purchase_product_return_table","63");
INSERT INTO migrations VALUES("102","2020_02_28_103340_create_money_transfers_table","64");
INSERT INTO migrations VALUES("103","2020_07_01_193151_add_image_to_categories_table","65");
INSERT INTO migrations VALUES("105","2020_09_26_130426_add_user_id_to_deliveries_table","66");
INSERT INTO migrations VALUES("107","2020_10_11_125457_create_cash_registers_table","67");
INSERT INTO migrations VALUES("108","2020_10_13_155019_add_cash_register_id_to_sales_table","68");
INSERT INTO migrations VALUES("109","2020_10_13_172624_add_cash_register_id_to_returns_table","69");
INSERT INTO migrations VALUES("110","2020_10_17_212338_add_cash_register_id_to_payments_table","70");
INSERT INTO migrations VALUES("111","2020_10_18_124200_add_cash_register_id_to_expenses_table","71");
INSERT INTO migrations VALUES("112","2020_10_21_121632_add_developed_by_to_general_settings_table","72");
INSERT INTO migrations VALUES("113","2019_08_19_000000_create_failed_jobs_table","73");
INSERT INTO migrations VALUES("114","2020_10_30_135557_create_notifications_table","73");
INSERT INTO migrations VALUES("115","2020_11_01_044954_create_currencies_table","74");
INSERT INTO migrations VALUES("116","2020_11_01_140736_add_price_to_product_warehouse_table","75");
INSERT INTO migrations VALUES("117","2020_11_02_050633_add_is_diff_price_to_products_table","76");
INSERT INTO migrations VALUES("118","2020_11_09_055222_add_user_id_to_customers_table","77");
INSERT INTO migrations VALUES("119","2020_11_17_054806_add_invoice_format_to_general_settings_table","78");
INSERT INTO migrations VALUES("120","2021_02_10_074859_add_variant_id_to_product_adjustments_table","79");
INSERT INTO migrations VALUES("121","2021_03_07_093606_create_product_batches_table","80");
INSERT INTO migrations VALUES("122","2021_03_07_093759_add_product_batch_id_to_product_warehouse_table","80");
INSERT INTO migrations VALUES("123","2021_03_07_093900_add_product_batch_id_to_product_purchases_table","80");
INSERT INTO migrations VALUES("124","2021_03_11_132603_add_product_batch_id_to_product_sales_table","81");
INSERT INTO migrations VALUES("127","2021_03_25_125421_add_is_batch_to_products_table","82");
INSERT INTO migrations VALUES("128","2021_05_19_120127_add_product_batch_id_to_product_returns_table","82");
INSERT INTO migrations VALUES("130","2021_05_22_105611_add_product_batch_id_to_purchase_product_return_table","83");
INSERT INTO migrations VALUES("131","2021_05_23_124848_add_product_batch_id_to_product_transfer_table","84");
INSERT INTO migrations VALUES("132","2021_05_26_153106_add_product_batch_id_to_product_quotation_table","85");
INSERT INTO migrations VALUES("133","2021_06_08_213007_create_reward_point_settings_table","86");
INSERT INTO migrations VALUES("134","2021_06_16_104155_add_points_to_customers_table","87");
INSERT INTO migrations VALUES("135","2021_06_17_101057_add_used_points_to_payments_table","88");
INSERT INTO migrations VALUES("136","2021_07_06_132716_add_variant_list_to_products_table","89");
INSERT INTO migrations VALUES("137","2021_09_27_161141_add_is_imei_to_products_table","90");
INSERT INTO migrations VALUES("138","2021_09_28_170052_add_imei_number_to_product_warehouse_table","91");
INSERT INTO migrations VALUES("139","2021_09_28_170126_add_imei_number_to_product_purchases_table","91");
INSERT INTO migrations VALUES("140","2021_10_03_170652_add_imei_number_to_product_sales_table","92");
INSERT INTO migrations VALUES("141","2021_10_10_145214_add_imei_number_to_product_returns_table","93");
INSERT INTO migrations VALUES("142","2021_10_11_104504_add_imei_number_to_product_transfer_table","94");
INSERT INTO migrations VALUES("143","2021_10_12_160107_add_imei_number_to_purchase_product_return_table","95");
INSERT INTO migrations VALUES("144","2021_10_12_205146_add_is_rtl_to_general_settings_table","96");
INSERT INTO migrations VALUES("145","2021_10_23_142451_add_is_approve_to_payments_table","97");
INSERT INTO migrations VALUES("146","2022_01_13_191242_create_discount_plans_table","97");
INSERT INTO migrations VALUES("147","2022_01_14_174318_create_discount_plan_customers_table","97");
INSERT INTO migrations VALUES("148","2022_01_14_202439_create_discounts_table","98");
INSERT INTO migrations VALUES("149","2022_01_16_153506_create_discount_plan_discounts_table","98");
INSERT INTO migrations VALUES("150","2022_02_05_174210_add_order_discount_type_and_value_to_sales_table","99");
INSERT INTO migrations VALUES("154","2022_05_26_195506_add_daily_sale_objective_to_products_table","100");
INSERT INTO migrations VALUES("155","2022_05_28_104209_create_dso_alerts_table","101");
INSERT INTO migrations VALUES("156","2022_06_01_112100_add_is_embeded_to_products_table","102");
INSERT INTO migrations VALUES("157","2022_06_14_130505_add_sale_id_to_returns_table","103");
INSERT INTO migrations VALUES("159","2022_07_19_115504_add_variant_data_to_products_table","104");
INSERT INTO migrations VALUES("160","2022_07_25_194300_add_additional_cost_to_product_variants_table","104");
INSERT INTO migrations VALUES("161","2022_09_04_195610_add_purchase_id_to_return_purchases_table","105");
INSERT INTO migrations VALUES("162","2023_01_18_125040_alter_table_general_settings","106");
INSERT INTO migrations VALUES("163","2023_01_18_133701_alter_table_pos_setting","106");
INSERT INTO migrations VALUES("164","2023_02_07_140439_create_chartof_accounts_table","107");
INSERT INTO migrations VALUES("165","2023_02_07_140752_create_chartof_account_categories_table","107");
INSERT INTO migrations VALUES("166","2023_02_07_140828_create_account_transactions_table","108");
INSERT INTO migrations VALUES("167","2023_02_08_172810_create_account_transactions_table","109");
INSERT INTO migrations VALUES("168","2023_02_08_173007_create_chartof_account_categories_table","109");
INSERT INTO migrations VALUES("169","2023_02_08_173219_create_chartof_accounts_table","109");
INSERT INTO migrations VALUES("170","2023_02_18_131802_create_shareholders_table","110");
INSERT INTO migrations VALUES("171","2023_02_18_133243_create_shares_table","110");
INSERT INTO migrations VALUES("172","2023_02_18_133348_create_share_transactions_table","110");
INSERT INTO migrations VALUES("173","2023_02_18_134033_create_dividends_table","110");



CREATE TABLE `money_transfers` (
  `id` int(10) unsigned NOT NULL AUTO_INCREMENT,
  `reference_no` varchar(191) NOT NULL,
  `from_account_id` int(11) NOT NULL,
  `to_account_id` int(11) NOT NULL,
  `amount` double NOT NULL,
  `created_at` timestamp NULL DEFAULT NULL,
  `updated_at` timestamp NULL DEFAULT NULL,
  PRIMARY KEY (`id`)
) ENGINE=InnoDB DEFAULT CHARSET=utf8mb4 COLLATE=utf8mb4_unicode_ci;




CREATE TABLE `notifications` (
  `id` char(36) NOT NULL,
  `type` varchar(191) NOT NULL,
  `notifiable_type` varchar(191) NOT NULL,
  `notifiable_id` bigint(20) unsigned NOT NULL,
  `data` text NOT NULL,
  `read_at` timestamp NULL DEFAULT NULL,
  `created_at` timestamp NULL DEFAULT NULL,
  `updated_at` timestamp NULL DEFAULT NULL,
  PRIMARY KEY (`id`),
  KEY `notifications_notifiable_type_notifiable_id_index` (`notifiable_type`,`notifiable_id`)
) ENGINE=InnoDB DEFAULT CHARSET=utf8mb4 COLLATE=utf8mb4_unicode_ci;




CREATE TABLE `password_resets` (
  `email` varchar(191) NOT NULL,
  `token` varchar(191) NOT NULL,
  `created_at` timestamp NULL DEFAULT NULL,
  KEY `password_resets_email_index` (`email`)
) ENGINE=InnoDB DEFAULT CHARSET=utf8mb4 COLLATE=utf8mb4_unicode_ci;

INSERT INTO password_resets VALUES("ashfaqdev.php@gmail.com","$2y$10$zQugshCE04vKS5nyfzID1ub6oadXvwKNBQpYy4xA04drmh6IHJOO.","2023-01-24 13:22:21");
INSERT INTO password_resets VALUES("abrehamgebremedin12@gmail.com","$2y$10$pE.PoBil8.obdRdBlb6oz.bN2fnHsNqh6.OUHVq5zfVmWevIxKTw2","2023-02-03 12:51:14");



CREATE TABLE `payment_with_cheque` (
  `id` int(10) unsigned NOT NULL AUTO_INCREMENT,
  `payment_id` int(11) NOT NULL,
  `cheque_bank` varchar(300) NOT NULL,
  `cheque_no` varchar(191) NOT NULL,
  `created_at` timestamp NULL DEFAULT NULL,
  `updated_at` timestamp NULL DEFAULT NULL,
  PRIMARY KEY (`id`)
) ENGINE=InnoDB AUTO_INCREMENT=20 DEFAULT CHARSET=utf8mb4 COLLATE=utf8mb4_unicode_ci;

INSERT INTO payment_with_cheque VALUES("3","275","CBE","12356879","2023-03-08 19:41:08","2023-03-08 19:41:08");
INSERT INTO payment_with_cheque VALUES("4","276","CBE","12356879","2023-03-08 19:42:48","2023-03-08 19:42:48");
INSERT INTO payment_with_cheque VALUES("5","279","CBE","12356879","2023-03-08 20:34:36","2023-03-08 20:34:36");
INSERT INTO payment_with_cheque VALUES("6","280","CBE","12356879","2023-03-08 20:40:02","2023-03-08 20:40:02");
INSERT INTO payment_with_cheque VALUES("7","282","CBE","12356879","2023-03-08 20:59:36","2023-03-08 20:59:36");
INSERT INTO payment_with_cheque VALUES("8","283","CBE","12356879","2023-03-08 21:01:18","2023-03-08 21:01:18");
INSERT INTO payment_with_cheque VALUES("9","284","CBE","12356879","2023-03-08 22:15:56","2023-03-08 22:15:56");
INSERT INTO payment_with_cheque VALUES("10","295","CBE","12356879ww","2023-03-08 23:28:20","2023-03-08 23:28:20");
INSERT INTO payment_with_cheque VALUES("11","308","cheque_bank","q123","2023-03-09 01:54:15","2023-03-09 01:54:15");
INSERT INTO payment_with_cheque VALUES("12","312","BOA","aaaa","2023-03-09 02:02:05","2023-03-09 02:02:05");
INSERT INTO payment_with_cheque VALUES("13","313","BOA","aa","2023-03-09 02:02:47","2023-03-09 02:02:47");
INSERT INTO payment_with_cheque VALUES("14","315","CBE sales Account","12356879","2023-03-09 09:59:14","2023-03-09 09:59:14");
INSERT INTO payment_with_cheque VALUES("15","321","BOA","12356879","2023-03-09 11:29:53","2023-03-09 11:29:53");
INSERT INTO payment_with_cheque VALUES("16","321","BOA","12356879","2023-03-09 11:31:55","2023-03-09 11:31:55");
INSERT INTO payment_with_cheque VALUES("17","321","BOA","12356879","2023-03-09 11:35:06","2023-03-09 11:35:06");
INSERT INTO payment_with_cheque VALUES("18","321","BOA","12356879","2023-03-09 11:36:12","2023-03-09 11:36:12");
INSERT INTO payment_with_cheque VALUES("19","320","BOA","12356879","2023-03-09 11:37:55","2023-03-09 11:37:55");



CREATE TABLE `payment_with_credit_card` (
  `id` int(10) unsigned NOT NULL AUTO_INCREMENT,
  `payment_id` int(11) NOT NULL,
  `customer_id` int(11) DEFAULT NULL,
  `customer_stripe_id` varchar(191) DEFAULT NULL,
  `charge_id` varchar(191) NOT NULL,
  `created_at` timestamp NULL DEFAULT NULL,
  `updated_at` timestamp NULL DEFAULT NULL,
  PRIMARY KEY (`id`)
) ENGINE=InnoDB DEFAULT CHARSET=utf8mb4 COLLATE=utf8mb4_unicode_ci;




CREATE TABLE `payment_with_gift_card` (
  `id` int(10) unsigned NOT NULL AUTO_INCREMENT,
  `payment_id` int(11) NOT NULL,
  `gift_card_id` int(11) NOT NULL,
  `created_at` timestamp NULL DEFAULT NULL,
  `updated_at` timestamp NULL DEFAULT NULL,
  PRIMARY KEY (`id`)
) ENGINE=InnoDB DEFAULT CHARSET=utf8mb4 COLLATE=utf8mb4_unicode_ci;




CREATE TABLE `payment_with_mobile` (
  `id` int(10) unsigned NOT NULL AUTO_INCREMENT,
  `payment_id` int(11) NOT NULL,
  `mobile_bank` varchar(300) NOT NULL,
  `mbtn_no` varchar(191) NOT NULL,
  `created_at` timestamp NULL DEFAULT NULL,
  `updated_at` timestamp NULL DEFAULT NULL,
  PRIMARY KEY (`id`)
) ENGINE=InnoDB AUTO_INCREMENT=16 DEFAULT CHARSET=utf8mb4 COLLATE=utf8mb4_unicode_ci;

INSERT INTO payment_with_mobile VALUES("9","290","CBEmobile","14578545","2023-03-08 22:29:31","2023-03-08 22:29:31");
INSERT INTO payment_with_mobile VALUES("10","292","CBEmobile","12345","2023-03-08 22:39:43","2023-03-08 22:39:43");
INSERT INTO payment_with_mobile VALUES("11","293","CBEmobile","12345","2023-03-08 22:41:58","2023-03-08 22:41:58");
INSERT INTO payment_with_mobile VALUES("12","294","CBEmobile","12345478","2023-03-08 23:07:38","2023-03-08 23:07:38");
INSERT INTO payment_with_mobile VALUES("13","314","BOA","12345","2023-03-09 02:07:01","2023-03-09 02:07:01");
INSERT INTO payment_with_mobile VALUES("14","317","BOA","sssss","2023-03-09 10:12:20","2023-03-09 10:12:20");
INSERT INTO payment_with_mobile VALUES("15","319","BOA","12345","2023-03-09 10:20:40","2023-03-09 10:20:40");



CREATE TABLE `payment_with_paypal` (
  `id` int(10) unsigned NOT NULL AUTO_INCREMENT,
  `payment_id` int(11) NOT NULL,
  `transaction_id` varchar(191) NOT NULL,
  `created_at` timestamp NULL DEFAULT NULL,
  `updated_at` timestamp NULL DEFAULT NULL,
  PRIMARY KEY (`id`)
) ENGINE=InnoDB DEFAULT CHARSET=utf8mb4 COLLATE=utf8mb4_unicode_ci;




CREATE TABLE `payment_with_pos` (
  `id` int(10) unsigned NOT NULL AUTO_INCREMENT,
  `payment_id` int(11) NOT NULL,
  `pos_bank` varchar(300) NOT NULL,
  `created_at` timestamp NULL DEFAULT NULL,
  `updated_at` timestamp NULL DEFAULT NULL,
  PRIMARY KEY (`id`)
) ENGINE=InnoDB AUTO_INCREMENT=11 DEFAULT CHARSET=utf8mb4 COLLATE=utf8mb4_unicode_ci;

INSERT INTO payment_with_pos VALUES("9","321","BOA","2023-03-09 11:11:14","2023-03-09 11:11:14");
INSERT INTO payment_with_pos VALUES("10","319","BOA","2023-03-09 11:52:26","2023-03-09 11:52:26");



CREATE TABLE `payments` (
  `id` int(10) unsigned NOT NULL AUTO_INCREMENT,
  `payment_reference` varchar(191) NOT NULL,
  `user_id` int(11) NOT NULL,
  `purchase_id` int(11) DEFAULT NULL,
  `sale_id` int(11) DEFAULT NULL,
  `cash_register_id` int(11) DEFAULT NULL,
  `account_id` int(11) NOT NULL,
  `amount` double NOT NULL,
  `used_points` double DEFAULT NULL,
  `change` double NOT NULL,
  `paying_method` varchar(191) NOT NULL,
  `payment_note` text DEFAULT NULL,
  `created_at` timestamp NULL DEFAULT NULL,
  `updated_at` timestamp NULL DEFAULT NULL,
  PRIMARY KEY (`id`)
) ENGINE=InnoDB AUTO_INCREMENT=344 DEFAULT CHARSET=utf8mb4 COLLATE=utf8mb4_unicode_ci;

INSERT INTO payments VALUES("250","spr-20230304-064944","1","","172","3","6","74370","","0","Cash","","2023-03-04 18:49:44","2023-03-04 18:49:44");
INSERT INTO payments VALUES("251","spr-20230305-014346","1","","174","3","6","1040","","0","Cash","","2023-03-05 01:43:46","2023-03-05 01:43:46");
INSERT INTO payments VALUES("252","spr-20230305-014914","1","","175","3","6","255680","","0","Cash","","2023-03-05 01:49:14","2023-03-05 01:49:14");
INSERT INTO payments VALUES("253","ppr-20230305-020748","1","114","","","6","10000","","0","Cash","","2023-03-05 02:07:48","2023-03-05 02:07:48");
INSERT INTO payments VALUES("254","ppr-20230305-020801","1","113","","","6","227328","","0","Cash","","2023-03-05 02:08:01","2023-03-05 02:08:01");
INSERT INTO payments VALUES("255","ppr-20230305-020826","1","192","","","6","14000","","0","Cash","","2023-03-05 02:08:26","2023-03-05 02:08:26");
INSERT INTO payments VALUES("256","ppr-20230305-020839","1","190","","","6","1040","","0","Cash","","2023-03-05 02:08:39","2023-03-05 02:08:39");
INSERT INTO payments VALUES("258","ppr-20230305-020905","1","187","","","6","102400","","0","Cash","","2023-03-05 02:09:05","2023-03-05 02:09:05");
INSERT INTO payments VALUES("259","spr-20230305-025256","1","","177","3","6","100000000","","0","Cash","","2023-03-05 02:52:56","2023-03-05 02:52:56");
INSERT INTO payments VALUES("260","spr-20230305-025319","1","","176","3","6","1010000","","0","Cash","","2023-03-05 02:53:19","2023-03-05 02:53:19");
INSERT INTO payments VALUES("261","ppr-20230306-054853","1","193","","","6","3642","","0","Cash","","2023-03-06 17:48:53","2023-03-06 17:48:53");
INSERT INTO payments VALUES("262","spr-20230306-055512","1","","178","3","6","5800","","0","Cash","","2023-03-06 17:55:12","2023-03-06 17:55:12");
INSERT INTO payments VALUES("263","spr-20230306-115226","1","","179","3","6","50000","","0","Cash","","2023-03-06 23:52:26","2023-03-06 23:52:26");
INSERT INTO payments VALUES("264","spr-20230307-120204","1","","180","3","6","50000","","0","Cash","","2023-03-07 00:02:04","2023-03-07 00:02:04");
INSERT INTO payments VALUES("265","spr-20230308-061950","1","","184","3","7","58","","0","Cash","","2023-03-08 18:19:50","2023-03-08 18:19:50");
INSERT INTO payments VALUES("266","spr-20230308-071753","1","","185","3","7","638","","0","Cheque","","2023-03-08 19:17:53","2023-03-08 19:17:53");
INSERT INTO payments VALUES("267","ppr-20230308-072708","1","196","","","7","40000","","0","Cheque","","2023-03-08 19:27:08","2023-03-08 19:27:08");
INSERT INTO payments VALUES("268","spr-20230308-073102","1","","191","3","7","580","","0","Cash","","2023-03-08 19:31:02","2023-03-08 19:31:02");
INSERT INTO payments VALUES("269","spr-20230308-073120","1","","190","3","7","290","","0","Cheque","","2023-03-08 19:31:20","2023-03-08 19:31:20");
INSERT INTO payments VALUES("270","spr-20230308-073216","1","","190","3","7","290","","0","Cheque","","2023-03-08 19:32:16","2023-03-08 19:32:16");
INSERT INTO payments VALUES("271","spr-20230308-073310","1","","190","3","7","290","","0","Cheque","","2023-03-08 19:33:10","2023-03-08 19:33:10");
INSERT INTO payments VALUES("272","spr-20230308-073340","1","","190","3","7","290","","0","Cheque","","2023-03-08 19:33:40","2023-03-08 19:33:40");
INSERT INTO payments VALUES("273","spr-20230308-073504","1","","190","3","7","290","","0","Cheque","","2023-03-08 19:35:04","2023-03-08 19:35:04");
INSERT INTO payments VALUES("274","ppr-20230308-073956","1","196","","","7","40000","","0","Cheque","","2023-03-08 19:39:56","2023-03-08 19:39:56");
INSERT INTO payments VALUES("275","spr-20230308-074108","1","","190","3","7","-1160","","0","Cheque","","2023-03-08 19:41:08","2023-03-08 19:41:08");
INSERT INTO payments VALUES("276","ppr-20230308-074247","1","194","","","7","5000","","0","Cheque","","2023-03-08 19:42:47","2023-03-08 19:42:47");
INSERT INTO payments VALUES("277","spr-20230308-082751","1","","215","3","7","116","","0","Cash","","2023-03-08 20:27:51","2023-03-08 20:27:51");
INSERT INTO payments VALUES("278","spr-20230308-082910","1","","216","3","7","116","","0","Cash","","2023-03-08 20:29:10","2023-03-08 20:29:10");
INSERT INTO payments VALUES("279","ppr-20230308-083436","1","115","","","7","630","","0","Cheque","","2023-03-08 20:34:36","2023-03-08 20:34:36");
INSERT INTO payments VALUES("280","ppr-20230308-084002","1","114","","","7","0","","0","Cheque","","2023-03-08 20:40:02","2023-03-08 20:40:02");
INSERT INTO payments VALUES("281","ppr-20230308-084047","1","115","","","7","0","","0","Cash","","2023-03-08 20:40:47","2023-03-08 20:40:47");
INSERT INTO payments VALUES("282","spr-20230308-085936","1","","189","3","7","58","","0","Cheque","","2023-03-08 20:59:36","2023-03-08 20:59:36");
INSERT INTO payments VALUES("283","spr-20230308-090117","1","","217","3","7","58","","0","Cheque","","2023-03-08 21:01:17","2023-03-08 21:01:17");
INSERT INTO payments VALUES("284","spr-20230308-101555","1","","218","3","6","500","","0","Cheque","","2023-03-08 22:15:55","2023-03-08 22:15:55");
INSERT INTO payments VALUES("285","spr-20230308-102328","1","","218","3","7","540","","0","Mobile","","2023-03-08 22:23:28","2023-03-08 22:23:28");
INSERT INTO payments VALUES("286","spr-20230308-102406","1","","218","3","7","0","","0","Mobile","","2023-03-08 22:24:06","2023-03-08 22:24:06");
INSERT INTO payments VALUES("287","spr-20230308-102519","1","","218","3","7","0","","0","Mobile","","2023-03-08 22:25:19","2023-03-08 22:25:19");
INSERT INTO payments VALUES("288","spr-20230308-102637","1","","218","3","7","0","","0","Mobile","","2023-03-08 22:26:37","2023-03-08 22:26:37");
INSERT INTO payments VALUES("289","spr-20230308-102813","1","","218","3","7","0","","0","Mobile","","2023-03-08 22:28:13","2023-03-08 22:28:13");
INSERT INTO payments VALUES("290","spr-20230308-102931","1","","218","3","7","0","","0","Mobile","","2023-03-08 22:29:31","2023-03-08 22:29:31");
INSERT INTO payments VALUES("295","spr-20230308-112819","1","","188","3","7","58","","0","Cheque","","2023-03-08 23:28:19","2023-03-08 23:28:19");
INSERT INTO payments VALUES("296","spr-20230309-124956","1","","222","3","7","58","","0","Cheque","","2023-03-09 00:49:56","2023-03-09 00:49:56");
INSERT INTO payments VALUES("297","spr-20230309-014039","1","","224","3","7","58","","0","Mobile","","2023-03-09 01:40:39","2023-03-09 01:40:39");
INSERT INTO payments VALUES("298","spr-20230309-014215","1","","224","3","7","0","","0","Cheque","","2023-03-09 01:42:15","2023-03-09 01:42:15");
INSERT INTO payments VALUES("299","spr-20230309-014339","1","","224","3","7","0","","0","Cheque","","2023-03-09 01:43:39","2023-03-09 01:43:39");
INSERT INTO payments VALUES("300","spr-20230309-014426","1","","224","3","7","0","","0","Cheque","","2023-03-09 01:44:26","2023-03-09 01:44:26");
INSERT INTO payments VALUES("301","spr-20230309-014519","1","","224","3","7","0","","0","Cheque","","2023-03-09 01:45:19","2023-03-09 01:45:19");
INSERT INTO payments VALUES("302","spr-20230309-014537","1","","224","3","7","0","","0","Cheque","","2023-03-09 01:45:37","2023-03-09 01:45:37");
INSERT INTO payments VALUES("303","spr-20230309-014554","1","","224","3","7","0","","0","Cheque","","2023-03-09 01:45:54","2023-03-09 01:45:54");
INSERT INTO payments VALUES("304","spr-20230309-014754","1","","224","3","7","0","","0","Cheque","","2023-03-09 01:47:54","2023-03-09 01:47:54");
INSERT INTO payments VALUES("305","spr-20230309-015016","1","","224","3","7","0","","0","Cheque","","2023-03-09 01:50:16","2023-03-09 01:50:16");
INSERT INTO payments VALUES("306","spr-20230309-015110","1","","224","3","7","0","","0","Cheque","","2023-03-09 01:51:10","2023-03-09 01:51:10");
INSERT INTO payments VALUES("307","spr-20230309-015206","1","","224","3","7","0","","0","Cheque","","2023-03-09 01:52:06","2023-03-09 01:52:06");
INSERT INTO payments VALUES("308","spr-20230309-015414","1","","224","3","7","0","","0","Cheque","","2023-03-09 01:54:14","2023-03-09 01:54:14");
INSERT INTO payments VALUES("309","spr-20230309-015511","1","","223","3","7","0","","0","Cheque","","2023-03-09 01:55:11","2023-03-09 01:55:11");
INSERT INTO payments VALUES("310","spr-20230309-015630","1","","223","3","7","0","","0","Cheque","","2023-03-09 01:56:30","2023-03-09 01:56:30");
INSERT INTO payments VALUES("311","spr-20230309-015650","1","","223","3","7","0","","0","Cheque","","2023-03-09 01:56:50","2023-03-09 01:56:50");
INSERT INTO payments VALUES("312","spr-20230309-020205","1","","223","3","7","0","","0","Cheque","","2023-03-09 02:02:05","2023-03-09 02:02:05");
INSERT INTO payments VALUES("313","spr-20230309-020246","1","","172","3","7","0","","0","Cheque","","2023-03-09 02:02:46","2023-03-09 02:02:46");
INSERT INTO payments VALUES("314","spr-20230309-020701","1","","172","3","7","0","","0","Mobile","","2023-03-09 02:07:01","2023-03-09 02:07:01");
INSERT INTO payments VALUES("315","spr-20230309-095913","1","","247","3","6","0","","0","Cheque","","2023-03-09 09:59:13","2023-03-09 09:59:13");
INSERT INTO payments VALUES("316","spr-20230309-101114","1","","251","3","7","171","","0","Mobile","","2023-03-09 10:11:14","2023-03-09 10:11:14");
INSERT INTO payments VALUES("317","spr-20230309-101220","1","","251","3","7","0","","0","Mobile","","2023-03-09 10:12:20","2023-03-09 10:12:20");
INSERT INTO payments VALUES("318","spr-20230309-101425","1","","252","3","7","58","","0","Mobile","","2023-03-09 10:14:25","2023-03-09 10:14:25");
INSERT INTO payments VALUES("319","spr-20230309-102039","1","","253","3","7","30","","28","Cash","","2023-03-09 10:20:39","2023-03-09 11:53:56");
INSERT INTO payments VALUES("320","spr-20230309-110336","1","","254","3","7","116","","0","Pos","","2023-03-09 11:03:36","2023-03-09 11:03:36");
INSERT INTO payments VALUES("321","spr-20230309-111114","1","","255","3","7","58","","0","POS ATM","123456","2023-03-09 11:11:14","2023-03-09 11:11:14");
INSERT INTO payments VALUES("322","spr-20230310-030623","1","","266","3","7","150","","0","Cash","","2023-03-10 15:06:23","2023-03-10 15:06:23");
INSERT INTO payments VALUES("323","spr-20230310-110955","1","","267","3","7","0","","0","POS ATM","","2023-03-10 23:09:55","2023-03-10 23:09:55");
INSERT INTO payments VALUES("324","spr-20230310-111039","1","","264","3","7","30","","0","POS ATM","","2023-03-10 23:10:39","2023-03-10 23:10:39");
INSERT INTO payments VALUES("325","spr-20230311-063914","1","","259","3","7","30","","0","POS ATM","","2023-03-11 06:39:14","2023-03-11 06:39:14");
INSERT INTO payments VALUES("326","spr-20230311-064002","1","","259","3","7","0","","0","Cash","","2023-03-11 06:40:02","2023-03-11 06:40:02");
INSERT INTO payments VALUES("327","spr-20230311-064059","1","","263","3","7","15","","15","Cash","","2023-03-11 06:40:59","2023-03-11 06:40:59");
INSERT INTO payments VALUES("328","spr-20230311-065534","1","","269","3","7","125","","0","Cash","","2023-03-11 06:55:34","2023-03-11 06:55:34");
INSERT INTO payments VALUES("329","spr-20230311-070503","1","","270","3","7","550","","0","Cash","","2023-03-11 07:05:03","2023-03-11 07:05:03");
INSERT INTO payments VALUES("330","ppr-20230311-083211","1","198","","","7","104000","","0","Cash","","2023-03-11 08:32:11","2023-03-11 08:32:11");
INSERT INTO payments VALUES("331","spr-20230311-085241","1","","271","","7","1040","","0","Cash","","2023-03-11 08:52:41","2023-03-11 08:52:41");
INSERT INTO payments VALUES("332","spr-20230311-085435","1","","272","","7","4160","","0","Cash","","2023-03-11 08:54:35","2023-03-11 08:54:35");
INSERT INTO payments VALUES("333","spr-20230311-085737","1","","273","","7","1040","","0","Cash","","2023-03-11 08:57:37","2023-03-11 08:57:37");
INSERT INTO payments VALUES("334","spr-20230311-090109","1","","274","","7","1040","","0","Cash","","2023-03-11 09:01:09","2023-03-11 09:01:09");
INSERT INTO payments VALUES("335","spr-20230311-090145","1","","275","","7","1040","","0","Cash","","2023-03-11 09:01:45","2023-03-11 09:01:45");
INSERT INTO payments VALUES("336","spr-20230311-090218","1","","276","","7","1040","","0","Cash","","2023-03-11 09:02:18","2023-03-11 09:02:18");
INSERT INTO payments VALUES("337","spr-20230311-090826","1","","277","","7","10400","","0","Cash","","2023-03-11 09:08:26","2023-03-11 09:08:26");
INSERT INTO payments VALUES("338","spr-20230311-091137","1","","278","","7","1040","","0","Cash","","2023-03-11 09:11:37","2023-03-11 09:11:37");
INSERT INTO payments VALUES("339","spr-20230311-091703","1","","279","","7","10400","","0","Cash","","2023-03-11 09:17:03","2023-03-11 09:17:03");
INSERT INTO payments VALUES("340","spr-20230311-091842","1","","280","","7","10400","","0","Cash","","2023-03-11 09:18:42","2023-03-11 09:18:42");
INSERT INTO payments VALUES("341","ppr-20230311-093824","1","199","","","7","14240","","0","Cash","","2023-03-11 09:38:24","2023-03-11 09:38:24");
INSERT INTO payments VALUES("342","spr-20230311-113712","1","","281","","7","1040","","0","Cash","","2023-03-11 11:37:12","2023-03-11 11:37:12");
INSERT INTO payments VALUES("343","spr-20230311-114109","1","","283","","7","10200","","0","Cash","","2023-03-11 11:41:09","2023-03-11 11:41:09");



CREATE TABLE `payrolls` (
  `id` int(10) unsigned NOT NULL AUTO_INCREMENT,
  `reference_no` varchar(191) NOT NULL,
  `employee_id` int(11) NOT NULL,
  `account_id` int(11) NOT NULL,
  `user_id` int(11) NOT NULL,
  `amount` double NOT NULL,
  `paying_method` varchar(191) NOT NULL,
  `note` text DEFAULT NULL,
  `created_at` timestamp NULL DEFAULT NULL,
  `updated_at` timestamp NULL DEFAULT NULL,
  PRIMARY KEY (`id`)
) ENGINE=InnoDB AUTO_INCREMENT=6 DEFAULT CHARSET=utf8mb4 COLLATE=utf8mb4_unicode_ci;

INSERT INTO payrolls VALUES("2","payroll-20230307-031046","1","6","1","15000","0","","2023-03-07 15:10:46","2023-03-07 15:10:46");
INSERT INTO payrolls VALUES("3","payroll-20230307-031117","1","6","1","10000","0","","2023-03-07 15:11:17","2023-03-07 15:11:17");
INSERT INTO payrolls VALUES("4","payroll-20230308-051725","2","6","1","15000","0","","2023-03-08 17:17:25","2023-03-08 17:17:25");
INSERT INTO payrolls VALUES("5","payroll-20230308-051756","1","6","1","7300000","1","","2023-03-08 17:17:56","2023-03-08 17:17:56");



CREATE TABLE `permissions` (
  `id` int(10) unsigned NOT NULL AUTO_INCREMENT,
  `name` varchar(191) NOT NULL,
  `guard_name` varchar(191) NOT NULL,
  `created_at` timestamp NULL DEFAULT NULL,
  `updated_at` timestamp NULL DEFAULT NULL,
  PRIMARY KEY (`id`)
) ENGINE=InnoDB AUTO_INCREMENT=137 DEFAULT CHARSET=utf8mb4 COLLATE=utf8mb4_unicode_ci;

INSERT INTO permissions VALUES("4","products-edit","web","2018-06-03 04:00:09","2018-06-03 04:00:09");
INSERT INTO permissions VALUES("5","products-delete","web","2018-06-04 01:54:22","2018-06-04 01:54:22");
INSERT INTO permissions VALUES("6","products-add","web","2018-06-04 03:34:14","2018-06-04 03:34:14");
INSERT INTO permissions VALUES("7","products-index","web","2018-06-04 06:34:27","2018-06-04 06:34:27");
INSERT INTO permissions VALUES("8","purchases-index","web","2018-06-04 11:03:19","2018-06-04 11:03:19");
INSERT INTO permissions VALUES("9","purchases-add","web","2018-06-04 11:12:25","2018-06-04 11:12:25");
INSERT INTO permissions VALUES("10","purchases-edit","web","2018-06-04 12:47:36","2018-06-04 12:47:36");
INSERT INTO permissions VALUES("11","purchases-delete","web","2018-06-04 12:47:36","2018-06-04 12:47:36");
INSERT INTO permissions VALUES("12","sales-index","web","2018-06-04 13:49:08","2018-06-04 13:49:08");
INSERT INTO permissions VALUES("13","sales-add","web","2018-06-04 13:49:52","2018-06-04 13:49:52");
INSERT INTO permissions VALUES("14","sales-edit","web","2018-06-04 13:49:52","2018-06-04 13:49:52");
INSERT INTO permissions VALUES("15","sales-delete","web","2018-06-04 13:49:53","2018-06-04 13:49:53");
INSERT INTO permissions VALUES("16","quotes-index","web","2018-06-05 01:05:10","2018-06-05 01:05:10");
INSERT INTO permissions VALUES("17","quotes-add","web","2018-06-05 01:05:10","2018-06-05 01:05:10");
INSERT INTO permissions VALUES("18","quotes-edit","web","2018-06-05 01:05:10","2018-06-05 01:05:10");
INSERT INTO permissions VALUES("19","quotes-delete","web","2018-06-05 01:05:10","2018-06-05 01:05:10");
INSERT INTO permissions VALUES("20","transfers-index","web","2018-06-05 01:30:03","2018-06-05 01:30:03");
INSERT INTO permissions VALUES("21","transfers-add","web","2018-06-05 01:30:03","2018-06-05 01:30:03");
INSERT INTO permissions VALUES("22","transfers-edit","web","2018-06-05 01:30:03","2018-06-05 01:30:03");
INSERT INTO permissions VALUES("23","transfers-delete","web","2018-06-05 01:30:03","2018-06-05 01:30:03");
INSERT INTO permissions VALUES("24","returns-index","web","2018-06-05 01:50:24","2018-06-05 01:50:24");
INSERT INTO permissions VALUES("25","returns-add","web","2018-06-05 01:50:24","2018-06-05 01:50:24");
INSERT INTO permissions VALUES("26","returns-edit","web","2018-06-05 01:50:25","2018-06-05 01:50:25");
INSERT INTO permissions VALUES("27","returns-delete","web","2018-06-05 01:50:25","2018-06-05 01:50:25");
INSERT INTO permissions VALUES("28","customers-index","web","2018-06-05 02:15:54","2018-06-05 02:15:54");
INSERT INTO permissions VALUES("29","customers-add","web","2018-06-05 02:15:55","2018-06-05 02:15:55");
INSERT INTO permissions VALUES("30","customers-edit","web","2018-06-05 02:15:55","2018-06-05 02:15:55");
INSERT INTO permissions VALUES("31","customers-delete","web","2018-06-05 02:15:55","2018-06-05 02:15:55");
INSERT INTO permissions VALUES("32","suppliers-index","web","2018-06-05 02:40:12","2018-06-05 02:40:12");
INSERT INTO permissions VALUES("33","suppliers-add","web","2018-06-05 02:40:12","2018-06-05 02:40:12");
INSERT INTO permissions VALUES("34","suppliers-edit","web","2018-06-05 02:40:12","2018-06-05 02:40:12");
INSERT INTO permissions VALUES("35","suppliers-delete","web","2018-06-05 02:40:12","2018-06-05 02:40:12");
INSERT INTO permissions VALUES("36","product-report","web","2018-06-25 02:05:33","2018-06-25 02:05:33");
INSERT INTO permissions VALUES("37","purchase-report","web","2018-06-25 02:24:56","2018-06-25 02:24:56");
INSERT INTO permissions VALUES("38","sale-report","web","2018-06-25 02:33:13","2018-06-25 02:33:13");
INSERT INTO permissions VALUES("39","customer-report","web","2018-06-25 02:36:51","2018-06-25 02:36:51");
INSERT INTO permissions VALUES("40","due-report","web","2018-06-25 02:39:52","2018-06-25 02:39:52");
INSERT INTO permissions VALUES("41","users-index","web","2018-06-25 03:00:10","2018-06-25 03:00:10");
INSERT INTO permissions VALUES("42","users-add","web","2018-06-25 03:00:10","2018-06-25 03:00:10");
INSERT INTO permissions VALUES("43","users-edit","web","2018-06-25 03:01:30","2018-06-25 03:01:30");
INSERT INTO permissions VALUES("44","users-delete","web","2018-06-25 03:01:30","2018-06-25 03:01:30");
INSERT INTO permissions VALUES("45","profit-loss","web","2018-07-15 00:50:05","2018-07-15 00:50:05");
INSERT INTO permissions VALUES("46","best-seller","web","2018-07-15 01:01:38","2018-07-15 01:01:38");
INSERT INTO permissions VALUES("47","daily-sale","web","2018-07-15 01:24:21","2018-07-15 01:24:21");
INSERT INTO permissions VALUES("48","monthly-sale","web","2018-07-15 01:30:41","2018-07-15 01:30:41");
INSERT INTO permissions VALUES("49","daily-purchase","web","2018-07-15 01:36:46","2018-07-15 01:36:46");
INSERT INTO permissions VALUES("50","monthly-purchase","web","2018-07-15 01:48:17","2018-07-15 01:48:17");
INSERT INTO permissions VALUES("51","payment-report","web","2018-07-15 02:10:41","2018-07-15 02:10:41");
INSERT INTO permissions VALUES("52","warehouse-stock-report","web","2018-07-15 02:16:55","2018-07-15 02:16:55");
INSERT INTO permissions VALUES("53","product-qty-alert","web","2018-07-15 02:33:21","2018-07-15 02:33:21");
INSERT INTO permissions VALUES("54","supplier-report","web","2018-07-30 06:00:01","2018-07-30 06:00:01");
INSERT INTO permissions VALUES("55","expenses-index","web","2018-09-05 04:07:10","2018-09-05 04:07:10");
INSERT INTO permissions VALUES("56","expenses-add","web","2018-09-05 04:07:10","2018-09-05 04:07:10");
INSERT INTO permissions VALUES("57","expenses-edit","web","2018-09-05 04:07:10","2018-09-05 04:07:10");
INSERT INTO permissions VALUES("58","expenses-delete","web","2018-09-05 04:07:11","2018-09-05 04:07:11");
INSERT INTO permissions VALUES("59","general_setting","web","2018-10-20 02:10:04","2018-10-20 02:10:04");
INSERT INTO permissions VALUES("60","mail_setting","web","2018-10-20 02:10:04","2018-10-20 02:10:04");
INSERT INTO permissions VALUES("61","pos_setting","web","2018-10-20 02:10:04","2018-10-20 02:10:04");
INSERT INTO permissions VALUES("62","hrm_setting","web","2019-01-02 13:30:23","2019-01-02 13:30:23");
INSERT INTO permissions VALUES("63","purchase-return-index","web","2019-01-03 00:45:14","2019-01-03 00:45:14");
INSERT INTO permissions VALUES("64","purchase-return-add","web","2019-01-03 00:45:14","2019-01-03 00:45:14");
INSERT INTO permissions VALUES("65","purchase-return-edit","web","2019-01-03 00:45:14","2019-01-03 00:45:14");
INSERT INTO permissions VALUES("66","purchase-return-delete","web","2019-01-03 00:45:14","2019-01-03 00:45:14");
INSERT INTO permissions VALUES("67","account-index","web","2019-01-03 01:06:13","2019-01-03 01:06:13");
INSERT INTO permissions VALUES("68","balance-sheet","web","2019-01-03 01:06:14","2019-01-03 01:06:14");
INSERT INTO permissions VALUES("69","account-statement","web","2019-01-03 01:06:14","2019-01-03 01:06:14");
INSERT INTO permissions VALUES("70","department","web","2019-01-03 01:30:01","2019-01-03 01:30:01");
INSERT INTO permissions VALUES("71","attendance","web","2019-01-03 01:30:01","2019-01-03 01:30:01");
INSERT INTO permissions VALUES("72","payroll","web","2019-01-03 01:30:01","2019-01-03 01:30:01");
INSERT INTO permissions VALUES("73","employees-index","web","2019-01-03 01:52:19","2019-01-03 01:52:19");
INSERT INTO permissions VALUES("74","employees-add","web","2019-01-03 01:52:19","2019-01-03 01:52:19");
INSERT INTO permissions VALUES("75","employees-edit","web","2019-01-03 01:52:19","2019-01-03 01:52:19");
INSERT INTO permissions VALUES("76","employees-delete","web","2019-01-03 01:52:19","2019-01-03 01:52:19");
INSERT INTO permissions VALUES("77","user-report","web","2019-01-16 09:48:18","2019-01-16 09:48:18");
INSERT INTO permissions VALUES("78","stock_count","web","2019-02-17 13:32:01","2019-02-17 13:32:01");
INSERT INTO permissions VALUES("79","adjustment","web","2019-02-17 13:32:02","2019-02-17 13:32:02");
INSERT INTO permissions VALUES("80","sms_setting","web","2019-02-22 08:18:03","2019-02-22 08:18:03");
INSERT INTO permissions VALUES("81","create_sms","web","2019-02-22 08:18:03","2019-02-22 08:18:03");
INSERT INTO permissions VALUES("82","print_barcode","web","2019-03-07 08:02:19","2019-03-07 08:02:19");
INSERT INTO permissions VALUES("83","empty_database","web","2019-03-07 08:02:19","2019-03-07 08:02:19");
INSERT INTO permissions VALUES("84","customer_group","web","2019-03-07 08:37:15","2019-03-07 08:37:15");
INSERT INTO permissions VALUES("85","unit","web","2019-03-07 08:37:15","2019-03-07 08:37:15");
INSERT INTO permissions VALUES("86","tax","web","2019-03-07 08:37:15","2019-03-07 08:37:15");
INSERT INTO permissions VALUES("87","gift_card","web","2019-03-07 09:29:38","2019-03-07 09:29:38");
INSERT INTO permissions VALUES("88","coupon","web","2019-03-07 09:29:38","2019-03-07 09:29:38");
INSERT INTO permissions VALUES("89","holiday","web","2019-10-19 11:57:15","2019-10-19 11:57:15");
INSERT INTO permissions VALUES("90","warehouse-report","web","2019-10-22 09:00:23","2019-10-22 09:00:23");
INSERT INTO permissions VALUES("91","warehouse","web","2020-02-26 09:47:32","2020-02-26 09:47:32");
INSERT INTO permissions VALUES("92","brand","web","2020-02-26 09:59:59","2020-02-26 09:59:59");
INSERT INTO permissions VALUES("93","billers-index","web","2020-02-26 10:11:15","2020-02-26 10:11:15");
INSERT INTO permissions VALUES("94","billers-add","web","2020-02-26 10:11:15","2020-02-26 10:11:15");
INSERT INTO permissions VALUES("95","billers-edit","web","2020-02-26 10:11:15","2020-02-26 10:11:15");
INSERT INTO permissions VALUES("96","billers-delete","web","2020-02-26 10:11:15","2020-02-26 10:11:15");
INSERT INTO permissions VALUES("97","money-transfer","web","2020-03-02 08:41:48","2020-03-02 08:41:48");
INSERT INTO permissions VALUES("98","category","web","2020-07-13 15:13:16","2020-07-13 15:13:16");
INSERT INTO permissions VALUES("99","delivery","web","2020-07-13 15:13:16","2020-07-13 15:13:16");
INSERT INTO permissions VALUES("100","send_notification","web","2020-10-31 09:21:31","2020-10-31 09:21:31");
INSERT INTO permissions VALUES("101","today_sale","web","2020-10-31 09:57:04","2020-10-31 09:57:04");
INSERT INTO permissions VALUES("102","today_profit","web","2020-10-31 09:57:04","2020-10-31 09:57:04");
INSERT INTO permissions VALUES("103","currency","web","2020-11-09 03:23:11","2020-11-09 03:23:11");
INSERT INTO permissions VALUES("104","backup_database","web","2020-11-15 03:16:55","2020-11-15 03:16:55");
INSERT INTO permissions VALUES("105","reward_point_setting","web","2021-06-27 07:34:42","2021-06-27 07:34:42");
INSERT INTO permissions VALUES("106","revenue_profit_summary","web","2022-02-08 16:57:21","2022-02-08 16:57:21");
INSERT INTO permissions VALUES("107","cash_flow","web","2022-02-08 16:57:22","2022-02-08 16:57:22");
INSERT INTO permissions VALUES("108","monthly_summary","web","2022-02-08 16:57:22","2022-02-08 16:57:22");
INSERT INTO permissions VALUES("109","yearly_report","web","2022-02-08 16:57:22","2022-02-08 16:57:22");
INSERT INTO permissions VALUES("110","discount_plan","web","2022-02-16 12:12:26","2022-02-16 12:12:26");
INSERT INTO permissions VALUES("111","discount","web","2022-02-16 12:12:38","2022-02-16 12:12:38");
INSERT INTO permissions VALUES("112","product-expiry-report","web","2022-03-30 08:39:20","2022-03-30 08:39:20");
INSERT INTO permissions VALUES("113","purchase-payment-index","web","2022-06-05 17:12:27","2022-06-05 17:12:27");
INSERT INTO permissions VALUES("114","purchase-payment-add","web","2022-06-05 17:12:28","2022-06-05 17:12:28");
INSERT INTO permissions VALUES("115","purchase-payment-edit","web","2022-06-05 17:12:28","2022-06-05 17:12:28");
INSERT INTO permissions VALUES("116","purchase-payment-delete","web","2022-06-05 17:12:28","2022-06-05 17:12:28");
INSERT INTO permissions VALUES("117","sale-payment-index","web","2022-06-05 17:12:28","2022-06-05 17:12:28");
INSERT INTO permissions VALUES("118","sale-payment-add","web","2022-06-05 17:12:28","2022-06-05 17:12:28");
INSERT INTO permissions VALUES("119","sale-payment-edit","web","2022-06-05 17:12:28","2022-06-05 17:12:28");
INSERT INTO permissions VALUES("120","sale-payment-delete","web","2022-06-05 17:12:28","2022-06-05 17:12:28");
INSERT INTO permissions VALUES("121","all_notification","web","2022-06-05 17:12:29","2022-06-05 17:12:29");
INSERT INTO permissions VALUES("122","sale-report-chart","web","2022-06-05 17:12:29","2022-06-05 17:12:29");
INSERT INTO permissions VALUES("123","dso-report","web","2022-06-05 17:12:29","2022-06-05 17:12:29");
INSERT INTO permissions VALUES("124","product_history","web","2022-08-25 17:04:05","2022-08-25 17:04:05");
INSERT INTO permissions VALUES("125","supplier-due-report","web","2022-08-31 12:46:33","2022-08-31 12:46:33");
INSERT INTO permissions VALUES("126","warehousepurchases-index","web","2023-02-21 16:38:27","2023-02-21 16:38:27");
INSERT INTO permissions VALUES("127","warehousepurchase-report","web","2023-02-21 16:38:27","2023-02-21 16:38:27");
INSERT INTO permissions VALUES("128","warehousepurchases-add","web","2023-02-25 17:59:51","2023-02-25 00:00:00");
INSERT INTO permissions VALUES("129","warehousepurchases-add","web","2023-02-25 07:37:32","2023-02-25 07:37:32");
INSERT INTO permissions VALUES("130","warehousepurchases-edit","web","2023-02-25 07:37:32","2023-02-25 07:37:32");
INSERT INTO permissions VALUES("131","warehousepurchases-delete","web","2023-02-25 17:39:17","0000-00-00 00:00:00");
INSERT INTO permissions VALUES("132","warehousepurchase-report","web","2023-02-25 07:40:04","2023-02-25 07:40:04");
INSERT INTO permissions VALUES("133","purchasetransfer-index","web","2023-02-19 00:00:00","2023-02-19 00:00:00");
INSERT INTO permissions VALUES("134","purchasetransfer-add","web","2023-02-19 00:00:00","2023-02-19 00:00:00");
INSERT INTO permissions VALUES("135","purchasetransfer-edit","web","2023-03-03 22:27:35","2023-03-03 22:27:35");
INSERT INTO permissions VALUES("136","purchasetransfer-delete","web","2023-03-03 22:27:36","2023-03-03 22:27:36");



CREATE TABLE `pos_setting` (
  `id` int(11) NOT NULL,
  `customer_id` int(11) NOT NULL,
  `warehouse_id` int(11) NOT NULL,
  `biller_id` int(11) NOT NULL,
  `product_number` int(11) NOT NULL,
  `keybord_active` tinyint(1) NOT NULL,
  `stripe_public_key` varchar(191) DEFAULT NULL,
  `stripe_secret_key` varchar(191) DEFAULT NULL,
  `paypal_live_api_username` varchar(191) DEFAULT NULL,
  `paypal_live_api_password` varchar(191) DEFAULT NULL,
  `paypal_live_api_secret` varchar(191) DEFAULT NULL,
  `payment_options` text DEFAULT NULL,
  `invoice_option` varchar(10) DEFAULT NULL,
  `created_at` timestamp NULL DEFAULT NULL,
  `updated_at` timestamp NULL DEFAULT NULL,
  UNIQUE KEY `pos_setting_id_unique` (`id`)
) ENGINE=InnoDB DEFAULT CHARSET=utf8mb4 COLLATE=utf8mb4_unicode_ci;

INSERT INTO pos_setting VALUES("1","3","1","1","30","1","pk_test_ITN7KOYiIsHSCQ0UMRcgaYUB","sk_test_TtQQaawhEYRwa3mU9CzttrEy","admin","admin","","cash,card,cheque,gift_card,deposit,paypal","thermal","2018-09-02 06:17:04","2023-03-08 17:46:41");



CREATE TABLE `product_adjustments` (
  `id` int(10) unsigned NOT NULL AUTO_INCREMENT,
  `adjustment_id` int(11) NOT NULL,
  `product_id` int(11) NOT NULL,
  `variant_id` int(11) DEFAULT NULL,
  `qty` double NOT NULL,
  `action` varchar(191) NOT NULL,
  `created_at` timestamp NULL DEFAULT NULL,
  `updated_at` timestamp NULL DEFAULT NULL,
  PRIMARY KEY (`id`)
) ENGINE=InnoDB AUTO_INCREMENT=7 DEFAULT CHARSET=utf8mb4 COLLATE=utf8mb4_unicode_ci;

INSERT INTO product_adjustments VALUES("3","3","11","8","2969","+","2023-03-07 07:31:28","2023-03-07 07:36:26");
INSERT INTO product_adjustments VALUES("4","4","12","5","195","+","2023-03-07 07:34:27","2023-03-07 07:34:27");
INSERT INTO product_adjustments VALUES("5","5","12","5","195","+","2023-03-07 07:34:27","2023-03-07 07:34:27");
INSERT INTO product_adjustments VALUES("6","3","11","5","68","+","2023-03-07 07:36:26","2023-03-07 07:36:26");



CREATE TABLE `product_batches` (
  `id` bigint(20) unsigned NOT NULL AUTO_INCREMENT,
  `product_id` int(11) NOT NULL,
  `batch_no` varchar(191) NOT NULL,
  `expired_date` date NOT NULL,
  `qty` double NOT NULL,
  `created_at` timestamp NULL DEFAULT NULL,
  `updated_at` timestamp NULL DEFAULT NULL,
  PRIMARY KEY (`id`)
) ENGINE=InnoDB AUTO_INCREMENT=28 DEFAULT CHARSET=utf8mb4 COLLATE=utf8mb4_unicode_ci;

INSERT INTO product_batches VALUES("25","2","10002","2023-04-08","458","2023-03-06 17:52:55","2023-03-11 11:40:06");
INSERT INTO product_batches VALUES("26","1","10003","2023-04-08","10","2023-03-06 18:02:34","2023-03-09 10:11:13");
INSERT INTO product_batches VALUES("27","5","10001","2023-03-11","0","2023-03-06 23:50:59","2023-03-07 00:02:04");



CREATE TABLE `product_purchases` (
  `id` int(10) unsigned NOT NULL AUTO_INCREMENT,
  `purchase_id` int(10) unsigned NOT NULL,
  `product_id` int(10) unsigned NOT NULL,
  `product_batch_id` bigint(20) unsigned DEFAULT NULL,
  `variant_id` int(10) unsigned DEFAULT NULL,
  `imei_number` text DEFAULT NULL,
  `qty` double NOT NULL,
  `transferred_qty` decimal(10,0) NOT NULL DEFAULT 0,
  `returned_qty` double NOT NULL DEFAULT 0,
  `recieved` double NOT NULL,
  `purchase_unit_id` int(11) NOT NULL,
  `net_unit_cost` double NOT NULL,
  `discount` double NOT NULL,
  `tax_rate` double NOT NULL,
  `tax` double NOT NULL,
  `total` double NOT NULL,
  `warehouse_id` int(11) NOT NULL,
  `created_at` timestamp NULL DEFAULT NULL,
  `updated_at` timestamp NULL DEFAULT NULL,
  PRIMARY KEY (`id`),
  KEY `purchase_id` (`purchase_id`),
  KEY `product_id` (`product_id`),
  KEY `variant_id` (`variant_id`),
  KEY `product_batch_id` (`product_batch_id`)
) ENGINE=InnoDB AUTO_INCREMENT=243 DEFAULT CHARSET=utf8mb4 COLLATE=utf8mb4_unicode_ci;

INSERT INTO product_purchases VALUES("223","187","11","","5","","100","0","68","100","1","14","0","0","0","1400","1","2023-03-04 18:00:46","2023-03-06 17:22:18");
INSERT INTO product_purchases VALUES("224","187","12","","5","","100","0","74","100","1","1010","0","0","0","101000","1","2023-03-04 18:00:47","2023-03-06 17:22:19");
INSERT INTO product_purchases VALUES("225","188","12","","5","","222","222","0","222","1","1010","0","0","0","224220","1","2023-03-04 18:03:13","2023-03-05 16:01:40");
INSERT INTO product_purchases VALUES("226","188","11","","5","","222","222","0","222","1","14","0","0","0","3108","1","2023-03-04 18:03:14","2023-03-05 16:01:40");
INSERT INTO product_purchases VALUES("229","190","12","","9","","1","0","0","1","1","1040","0","0","0","1040","1","2023-03-04 19:02:45","2023-03-04 19:02:45");
INSERT INTO product_purchases VALUES("230","191","12","","5","","1000","0","1000","1000","1","10","0","0","0","10000","1","2023-03-05 02:01:47","2023-03-06 15:12:04");
INSERT INTO product_purchases VALUES("231","192","11","","8","","1000","0","5000","1000","1","14","0","0","0","14000","1","2023-03-05 02:05:38","2023-03-06 15:57:05");
INSERT INTO product_purchases VALUES("232","193","11","","8","","253","0","0","253","1","14","0","0","0","3542","1","2023-03-06 17:48:23","2023-03-06 17:48:23");
INSERT INTO product_purchases VALUES("233","193","12","","5","","100","0","0","100","1","1","0","0","0","100","1","2023-03-06 17:48:23","2023-03-06 17:48:23");
INSERT INTO product_purchases VALUES("234","194","2","25","","","100","0","0","100","7","50","0","0","0","5000","1","2023-03-06 17:52:55","2023-03-06 17:52:55");
INSERT INTO product_purchases VALUES("235","195","1","26","","","14","0","0","14","7","45","0","0","0","630","1","2023-03-06 18:03:26","2023-03-06 18:03:26");
INSERT INTO product_purchases VALUES("236","196","5","27","","","1000","0","0","1000","7","40","0","0","0","40000","1","2023-03-06 23:51:00","2023-03-06 23:51:00");
INSERT INTO product_purchases VALUES("237","197","13","","","","1","0","0","1","12","100000","0","0","0","100000","1","2023-03-11 07:02:59","2023-03-11 07:02:59");
INSERT INTO product_purchases VALUES("238","198","12","","9","","100","0","0","100","1","1040","0","0","0","104000","2","2023-03-11 08:32:02","2023-03-11 08:32:02");
INSERT INTO product_purchases VALUES("239","199","12","","6","","10","0","0","10","1","600","0","0","0","6000","2","2023-03-11 09:37:54","2023-03-11 09:37:54");
INSERT INTO product_purchases VALUES("240","199","12","","5","","10","0","0","10","1","810","0","0","0","8100","2","2023-03-11 09:37:55","2023-03-11 09:37:55");
INSERT INTO product_purchases VALUES("241","199","11","","8","","10","0","0","10","1","14","0","0","0","140","2","2023-03-11 09:37:55","2023-03-11 09:37:55");
INSERT INTO product_purchases VALUES("242","200","11","","7","","1","0","0","1","1","14","0","0","0","14","1","2023-03-11 13:06:41","2023-03-11 13:06:41");



CREATE TABLE `product_quotation` (
  `id` int(10) unsigned NOT NULL AUTO_INCREMENT,
  `quotation_id` int(11) NOT NULL,
  `product_id` int(11) NOT NULL,
  `product_batch_id` int(11) DEFAULT NULL,
  `variant_id` int(11) DEFAULT NULL,
  `qty` double NOT NULL,
  `sale_unit_id` int(11) NOT NULL,
  `net_unit_price` double NOT NULL,
  `discount` double NOT NULL,
  `tax_rate` double NOT NULL,
  `tax` double NOT NULL,
  `total` double NOT NULL,
  `created_at` timestamp NULL DEFAULT NULL,
  `updated_at` timestamp NULL DEFAULT NULL,
  PRIMARY KEY (`id`)
) ENGINE=InnoDB AUTO_INCREMENT=2 DEFAULT CHARSET=utf8mb4 COLLATE=utf8mb4_unicode_ci;

INSERT INTO product_quotation VALUES("1","1","11","","5","10","1","15","0","0","0","150","2023-03-07 00:47:12","2023-03-07 00:47:12");



CREATE TABLE `product_returns` (
  `id` int(10) unsigned NOT NULL AUTO_INCREMENT,
  `return_id` int(11) NOT NULL,
  `product_id` int(11) NOT NULL,
  `product_batch_id` int(11) DEFAULT NULL,
  `variant_id` int(11) DEFAULT NULL,
  `imei_number` text DEFAULT NULL,
  `qty` double NOT NULL,
  `sale_unit_id` int(11) NOT NULL,
  `net_unit_price` double NOT NULL,
  `discount` double NOT NULL,
  `tax_rate` double NOT NULL,
  `tax` double NOT NULL,
  `total` double NOT NULL,
  `created_at` timestamp NULL DEFAULT NULL,
  `updated_at` timestamp NULL DEFAULT NULL,
  PRIMARY KEY (`id`)
) ENGINE=InnoDB AUTO_INCREMENT=19 DEFAULT CHARSET=utf8mb4 COLLATE=utf8mb4_unicode_ci;

INSERT INTO product_returns VALUES("9","7","11","","8","","1000","1","100000","0","0","0","100000000","2023-03-05 17:18:28","2023-03-05 17:18:28");
INSERT INTO product_returns VALUES("10","8","2","25","","","100","7","58","0","0","0","5800","2023-03-06 22:07:11","2023-03-06 22:07:11");
INSERT INTO product_returns VALUES("11","9","2","25","","","100","7","58","0","0","0","5800","2023-03-06 22:08:44","2023-03-06 22:08:44");
INSERT INTO product_returns VALUES("12","10","2","25","","","100","7","58","0","0","0","5800","2023-03-06 22:13:43","2023-03-06 22:13:43");
INSERT INTO product_returns VALUES("13","11","2","25","","","100","7","58","0","0","0","5800","2023-03-06 22:55:00","2023-03-06 22:55:00");
INSERT INTO product_returns VALUES("14","15","2","25","","","100","7","58","0","0","0","5800","2023-03-06 23:07:46","2023-03-06 23:07:46");
INSERT INTO product_returns VALUES("15","16","12","","9","","1","1","1040","0","0","0","1040","2023-03-06 23:41:48","2023-03-06 23:41:48");
INSERT INTO product_returns VALUES("16","17","5","27","","","1000","7","50","0","0","0","50000","2023-03-06 23:53:51","2023-03-06 23:53:51");
INSERT INTO product_returns VALUES("17","18","12","","5","","1000","1","1010","0","0","0","1010000","2023-03-07 00:13:11","2023-03-07 00:13:11");
INSERT INTO product_returns VALUES("18","19","11","","8","","1000","1","100000","0","0","0","100000000","2023-03-07 00:23:39","2023-03-07 00:23:39");



CREATE TABLE `product_sales` (
  `id` int(10) unsigned NOT NULL AUTO_INCREMENT,
  `sale_id` int(11) NOT NULL,
  `product_id` int(11) NOT NULL,
  `product_batch_id` int(11) DEFAULT NULL,
  `variant_id` int(11) DEFAULT NULL,
  `imei_number` text DEFAULT NULL,
  `qty` double NOT NULL,
  `returned_qty` double NOT NULL DEFAULT 0,
  `sale_unit_id` int(11) NOT NULL,
  `net_unit_price` double NOT NULL,
  `discount` double NOT NULL,
  `tax_rate` double NOT NULL,
  `tax` double NOT NULL,
  `total` double NOT NULL,
  `warehouse_id` int(11) DEFAULT NULL,
  `created_at` timestamp NULL DEFAULT NULL,
  `updated_at` timestamp NULL DEFAULT NULL,
  PRIMARY KEY (`id`)
) ENGINE=InnoDB AUTO_INCREMENT=355 DEFAULT CHARSET=utf8mb4 COLLATE=utf8mb4_unicode_ci;

INSERT INTO product_sales VALUES("206","172","12","","5","","69","0","1","1010","0","0","0","69690","1","2023-03-04 18:05:18","2023-03-04 18:05:18");
INSERT INTO product_sales VALUES("207","172","11","","5","","312","0","1","15","0","0","0","4680","1","2023-03-04 18:05:18","2023-03-04 18:05:18");
INSERT INTO product_sales VALUES("210","174","12","","9","","1","1","1","1040","0","0","0","1040","1","2023-03-04 19:03:30","2023-03-06 23:41:47");
INSERT INTO product_sales VALUES("211","175","12","","5","","253","0","1","1010","0","0","0","255530","1","2023-03-05 01:49:06","2023-03-05 01:49:06");
INSERT INTO product_sales VALUES("212","175","11","","5","","10","0","1","15","0","0","0","150","1","2023-03-05 01:49:07","2023-03-05 01:49:07");
INSERT INTO product_sales VALUES("213","176","12","","5","","1000","1000","1","1010","0","0","0","1010000","1","2023-03-05 02:03:33","2023-03-07 00:13:11");
INSERT INTO product_sales VALUES("214","177","11","","8","","1000","1000","1","100000","0","0","0","100000000","1","2023-03-05 02:06:41","2023-03-07 00:23:39");
INSERT INTO product_sales VALUES("215","178","2","25","","","100","100","7","58","0","0","0","5800","1","2023-03-06 17:55:11","2023-03-06 23:07:46");
INSERT INTO product_sales VALUES("216","179","5","27","","","1000","1000","7","50","0","0","0","50000","1","2023-03-06 23:52:14","2023-03-06 23:53:51");
INSERT INTO product_sales VALUES("217","180","5","27","","","1000","0","7","50","0","0","0","50000","1","2023-03-07 00:02:04","2023-03-07 00:02:04");
INSERT INTO product_sales VALUES("218","181","2","","","","25","0","0","340","250","10","850","9350","1","2023-03-08 13:28:58","2023-03-08 13:28:58");
INSERT INTO product_sales VALUES("219","181","11","","","","1","0","0","120","0","15","18","138","1","2023-03-08 13:28:58","2023-03-08 13:28:58");
INSERT INTO product_sales VALUES("220","181","1","","","","2","0","0","21","0","0","0","42","1","2023-03-08 13:28:58","2023-03-08 13:28:58");
INSERT INTO product_sales VALUES("221","182","11","","","","25","0","0","340","250","10","850","9350","1","2023-03-08 14:12:04","2023-03-08 14:12:04");
INSERT INTO product_sales VALUES("222","182","11","","","","10","0","7","120","0","15","180","1380","1","2023-03-08 14:12:04","2023-03-08 14:12:04");
INSERT INTO product_sales VALUES("223","182","1","","","","2","0","7","21","0","0","0","42","1","2023-03-08 14:12:04","2023-03-08 14:12:04");
INSERT INTO product_sales VALUES("224","183","2","25","","","1","0","7","58","0","0","0","58","1","2023-03-08 18:18:54","2023-03-08 18:18:54");
INSERT INTO product_sales VALUES("225","184","2","25","","","1","0","7","58","0","0","0","58","1","2023-03-08 18:19:50","2023-03-08 18:19:50");
INSERT INTO product_sales VALUES("226","185","2","25","","","11","0","7","58","0","0","0","638","1","2023-03-08 18:21:17","2023-03-08 18:21:17");
INSERT INTO product_sales VALUES("227","186","2","25","","","1","0","7","58","0","0","0","58","1","2023-03-08 18:33:36","2023-03-08 18:33:36");
INSERT INTO product_sales VALUES("228","187","2","25","","","6","0","7","58","0","0","0","348","1","2023-03-08 18:35:01","2023-03-08 18:35:01");
INSERT INTO product_sales VALUES("229","188","2","25","","","100","0","7","58","0","0","0","5800","1","2023-03-08 18:40:27","2023-03-08 18:40:27");
INSERT INTO product_sales VALUES("230","189","2","25","","","100","0","7","58","0","0","0","5800","1","2023-03-08 18:44:10","2023-03-08 18:44:10");
INSERT INTO product_sales VALUES("231","190","2","25","","","10","0","7","58","0","0","0","580","1","2023-03-08 18:48:14","2023-03-08 18:48:14");
INSERT INTO product_sales VALUES("232","191","2","25","","","10","0","7","58","0","0","0","580","1","2023-03-08 18:50:31","2023-03-08 18:50:31");
INSERT INTO product_sales VALUES("233","192","2","25","","","1","0","7","58","0","0","0","58","1","2023-03-08 18:55:38","2023-03-08 18:55:38");
INSERT INTO product_sales VALUES("234","193","2","25","","","1","0","7","58","0","0","0","58","1","2023-03-08 18:56:05","2023-03-08 18:56:05");
INSERT INTO product_sales VALUES("235","194","2","25","","","1","0","7","58","0","0","0","58","1","2023-03-08 18:56:59","2023-03-08 18:56:59");
INSERT INTO product_sales VALUES("236","195","2","25","","","1","0","7","58","0","0","0","58","1","2023-03-08 19:03:15","2023-03-08 19:03:15");
INSERT INTO product_sales VALUES("237","196","2","25","","","1","0","7","58","0","0","0","58","1","2023-03-08 19:43:41","2023-03-08 19:43:41");
INSERT INTO product_sales VALUES("238","197","2","25","","","1","0","7","58","0","0","0","58","1","2023-03-08 19:45:55","2023-03-08 19:45:55");
INSERT INTO product_sales VALUES("239","198","2","25","","","1","0","7","58","0","0","0","58","1","2023-03-08 19:46:17","2023-03-08 19:46:17");
INSERT INTO product_sales VALUES("240","199","2","25","","","1","0","7","58","0","0","0","58","1","2023-03-08 19:48:22","2023-03-08 19:48:22");
INSERT INTO product_sales VALUES("241","200","2","25","","","2","0","7","58","0","0","0","116","1","2023-03-08 19:54:58","2023-03-08 19:54:58");
INSERT INTO product_sales VALUES("242","201","2","25","","","2","0","7","58","0","0","0","116","1","2023-03-08 19:58:52","2023-03-08 19:58:52");
INSERT INTO product_sales VALUES("243","202","2","25","","","2","0","7","58","0","0","0","116","1","2023-03-08 19:59:35","2023-03-08 19:59:35");
INSERT INTO product_sales VALUES("244","203","2","25","","","2","0","7","58","0","0","0","116","1","2023-03-08 20:02:44","2023-03-08 20:02:44");
INSERT INTO product_sales VALUES("245","204","2","25","","","2","0","7","58","0","0","0","116","1","2023-03-08 20:11:44","2023-03-08 20:11:44");
INSERT INTO product_sales VALUES("246","205","2","25","","","2","0","7","58","0","0","0","116","1","2023-03-08 20:12:47","2023-03-08 20:12:47");
INSERT INTO product_sales VALUES("247","206","2","25","","","2","0","7","58","0","0","0","116","1","2023-03-08 20:14:35","2023-03-08 20:14:35");
INSERT INTO product_sales VALUES("248","207","2","25","","","2","0","7","58","0","0","0","116","1","2023-03-08 20:15:04","2023-03-08 20:15:04");
INSERT INTO product_sales VALUES("249","208","2","25","","","2","0","7","58","0","0","0","116","1","2023-03-08 20:16:15","2023-03-08 20:16:15");
INSERT INTO product_sales VALUES("250","209","2","25","","","2","0","7","58","0","0","0","116","1","2023-03-08 20:17:00","2023-03-08 20:17:00");
INSERT INTO product_sales VALUES("251","210","2","25","","","2","0","7","58","0","0","0","116","1","2023-03-08 20:17:26","2023-03-08 20:17:26");
INSERT INTO product_sales VALUES("252","211","2","25","","","2","0","7","58","0","0","0","116","1","2023-03-08 20:20:33","2023-03-08 20:20:33");
INSERT INTO product_sales VALUES("253","212","2","25","","","2","0","7","58","0","0","0","116","1","2023-03-08 20:21:00","2023-03-08 20:21:00");
INSERT INTO product_sales VALUES("254","213","2","25","","","2","0","7","58","0","0","0","116","1","2023-03-08 20:23:59","2023-03-08 20:23:59");
INSERT INTO product_sales VALUES("255","214","2","25","","","2","0","7","58","0","0","0","116","1","2023-03-08 20:25:24","2023-03-08 20:25:24");
INSERT INTO product_sales VALUES("256","215","2","25","","","2","0","7","58","0","0","0","116","1","2023-03-08 20:27:51","2023-03-08 20:27:51");
INSERT INTO product_sales VALUES("257","216","2","25","","","2","0","7","58","0","0","0","116","1","2023-03-08 20:29:10","2023-03-08 20:29:10");
INSERT INTO product_sales VALUES("258","217","2","25","","","1","0","7","58","0","0","0","58","1","2023-03-08 21:00:35","2023-03-08 21:00:35");
INSERT INTO product_sales VALUES("259","218","12","","9","","1","0","1","1040","0","0","0","1040","1","2023-03-08 22:13:15","2023-03-08 22:13:15");
INSERT INTO product_sales VALUES("262","221","2","25","","","1","0","7","58","0","0","0","58","1","2023-03-09 00:49:33","2023-03-09 00:49:33");
INSERT INTO product_sales VALUES("263","222","2","25","","","1","0","7","58","0","0","0","58","1","2023-03-09 00:49:56","2023-03-09 00:49:56");
INSERT INTO product_sales VALUES("264","223","2","25","","","1","0","7","58","0","0","0","58","1","2023-03-09 01:38:06","2023-03-09 01:38:06");
INSERT INTO product_sales VALUES("265","224","2","25","","","1","0","7","58","0","0","0","58","1","2023-03-09 01:40:39","2023-03-09 01:40:39");
INSERT INTO product_sales VALUES("266","225","2","25","","","1","0","7","58","0","0","0","58","1","2023-03-09 02:11:26","2023-03-09 02:11:26");
INSERT INTO product_sales VALUES("267","226","2","25","","","1","0","7","58","0","0","0","58","1","2023-03-09 02:13:57","2023-03-09 02:13:57");
INSERT INTO product_sales VALUES("268","227","2","25","","","2","0","7","58","0","0","0","116","1","2023-03-09 02:14:44","2023-03-09 02:14:44");
INSERT INTO product_sales VALUES("269","228","2","25","","","3","0","7","58","0","0","0","174","1","2023-03-09 02:17:34","2023-03-09 02:17:34");
INSERT INTO product_sales VALUES("270","229","2","25","","","3","0","7","58","0","0","0","174","1","2023-03-09 02:18:17","2023-03-09 02:18:17");
INSERT INTO product_sales VALUES("271","230","2","25","","","4","0","7","58","0","0","0","232","1","2023-03-09 02:18:46","2023-03-09 02:18:46");
INSERT INTO product_sales VALUES("272","231","2","25","","","4","0","7","58","0","0","0","232","1","2023-03-09 02:19:57","2023-03-09 02:19:57");
INSERT INTO product_sales VALUES("273","232","2","25","","","1","0","7","58","0","0","0","58","1","2023-03-09 02:20:33","2023-03-09 02:20:33");
INSERT INTO product_sales VALUES("274","233","2","25","","","1","0","7","58","0","0","0","58","1","2023-03-09 02:22:44","2023-03-09 02:22:44");
INSERT INTO product_sales VALUES("275","234","1","26","","","1","0","7","55","0","0","0","55","1","2023-03-09 02:41:49","2023-03-09 02:41:49");
INSERT INTO product_sales VALUES("276","234","2","25","","","1","0","7","58","0","0","0","58","1","2023-03-09 02:41:49","2023-03-09 02:41:49");
INSERT INTO product_sales VALUES("277","235","1","26","","","1","0","7","55","0","0","0","55","1","2023-03-09 02:42:18","2023-03-09 02:42:18");
INSERT INTO product_sales VALUES("278","235","2","25","","","1","0","7","58","0","0","0","58","1","2023-03-09 02:42:19","2023-03-09 02:42:19");
INSERT INTO product_sales VALUES("279","236","1","26","","","1","0","7","55","0","0","0","55","1","2023-03-09 02:42:37","2023-03-09 02:42:37");
INSERT INTO product_sales VALUES("280","236","2","25","","","1","0","7","58","0","0","0","58","1","2023-03-09 02:42:38","2023-03-09 02:42:38");
INSERT INTO product_sales VALUES("281","237","1","26","","","1","0","7","55","0","0","0","55","1","2023-03-09 02:44:48","2023-03-09 02:44:48");
INSERT INTO product_sales VALUES("282","237","2","25","","","1","0","7","58","0","0","0","58","1","2023-03-09 02:44:49","2023-03-09 02:44:49");
INSERT INTO product_sales VALUES("283","238","1","26","","","1","0","7","55","0","0","0","55","1","2023-03-09 02:45:10","2023-03-09 02:45:10");
INSERT INTO product_sales VALUES("284","238","2","25","","","1","0","7","58","0","0","0","58","1","2023-03-09 02:45:10","2023-03-09 02:45:10");
INSERT INTO product_sales VALUES("285","239","1","26","","","1","0","7","55","0","0","0","55","1","2023-03-09 02:45:39","2023-03-09 02:45:39");
INSERT INTO product_sales VALUES("286","239","2","25","","","1","0","7","58","0","0","0","58","1","2023-03-09 02:45:39","2023-03-09 02:45:39");
INSERT INTO product_sales VALUES("287","240","1","26","","","1","0","7","55","0","0","0","55","1","2023-03-09 02:46:07","2023-03-09 02:46:07");
INSERT INTO product_sales VALUES("288","240","2","25","","","1","0","7","58","0","0","0","58","1","2023-03-09 02:46:07","2023-03-09 02:46:07");
INSERT INTO product_sales VALUES("289","241","1","26","","","1","0","7","55","0","0","0","55","1","2023-03-09 02:46:28","2023-03-09 02:46:28");
INSERT INTO product_sales VALUES("290","241","2","25","","","1","0","7","58","0","0","0","58","1","2023-03-09 02:46:29","2023-03-09 02:46:29");
INSERT INTO product_sales VALUES("291","242","1","26","","","1","0","7","55","0","0","0","55","1","2023-03-09 02:48:22","2023-03-09 02:48:22");
INSERT INTO product_sales VALUES("292","242","2","25","","","1","0","7","58","0","0","0","58","1","2023-03-09 02:48:22","2023-03-09 02:48:22");
INSERT INTO product_sales VALUES("293","243","1","26","","","1","0","7","55","0","0","0","55","1","2023-03-09 02:50:03","2023-03-09 02:50:03");
INSERT INTO product_sales VALUES("294","243","2","25","","","2","0","7","58","0","0","0","116","1","2023-03-09 02:50:03","2023-03-09 02:50:03");
INSERT INTO product_sales VALUES("295","244","1","26","","","1","0","7","55","0","0","0","55","1","2023-03-09 02:51:35","2023-03-09 02:51:35");
INSERT INTO product_sales VALUES("296","244","2","25","","","2","0","7","58","0","0","0","116","1","2023-03-09 02:51:35","2023-03-09 02:51:35");
INSERT INTO product_sales VALUES("297","245","1","26","","","1","0","7","55","0","0","0","55","1","2023-03-09 02:51:59","2023-03-09 02:51:59");
INSERT INTO product_sales VALUES("298","245","2","25","","","2","0","7","58","0","0","0","116","1","2023-03-09 02:52:00","2023-03-09 02:52:00");
INSERT INTO product_sales VALUES("299","246","1","26","","","1","0","7","55","0","0","0","55","1","2023-03-09 02:52:53","2023-03-09 02:52:53");
INSERT INTO product_sales VALUES("300","246","2","25","","","2","0","7","58","0","0","0","116","1","2023-03-09 02:52:53","2023-03-09 02:52:53");
INSERT INTO product_sales VALUES("301","247","1","26","","","1","0","7","55","0","0","0","55","1","2023-03-09 02:55:01","2023-03-09 02:55:01");
INSERT INTO product_sales VALUES("302","247","2","25","","","2","0","7","58","0","0","0","116","1","2023-03-09 02:55:01","2023-03-09 02:55:01");
INSERT INTO product_sales VALUES("303","248","1","26","","","1","0","7","55","0","0","0","55","1","2023-03-09 10:00:30","2023-03-09 10:00:30");
INSERT INTO product_sales VALUES("304","248","2","25","","","2","0","7","58","0","0","0","116","1","2023-03-09 10:00:30","2023-03-09 10:00:30");
INSERT INTO product_sales VALUES("305","249","1","26","","","1","0","7","55","0","0","0","55","1","2023-03-09 10:01:48","2023-03-09 10:01:48");
INSERT INTO product_sales VALUES("306","249","2","25","","","2","0","7","58","0","0","0","116","1","2023-03-09 10:01:49","2023-03-09 10:01:49");
INSERT INTO product_sales VALUES("307","250","1","26","","","1","0","7","55","0","0","0","55","1","2023-03-09 10:10:54","2023-03-09 10:10:54");
INSERT INTO product_sales VALUES("308","250","2","25","","","2","0","7","58","0","0","0","116","1","2023-03-09 10:10:55","2023-03-09 10:10:55");
INSERT INTO product_sales VALUES("309","251","1","26","","","1","0","7","55","0","0","0","55","1","2023-03-09 10:11:13","2023-03-09 10:11:13");
INSERT INTO product_sales VALUES("310","251","2","25","","","2","0","7","58","0","0","0","116","1","2023-03-09 10:11:13","2023-03-09 10:11:13");
INSERT INTO product_sales VALUES("311","252","2","25","","","1","0","7","58","0","0","0","58","1","2023-03-09 10:14:25","2023-03-09 10:14:25");
INSERT INTO product_sales VALUES("312","253","2","25","","","1","0","7","58","0","0","0","58","1","2023-03-09 10:20:39","2023-03-09 10:20:39");
INSERT INTO product_sales VALUES("313","254","2","25","","","2","0","7","58","0","0","0","116","1","2023-03-09 11:03:35","2023-03-09 11:03:35");
INSERT INTO product_sales VALUES("314","255","2","25","","","1","0","7","58","0","0","0","58","1","2023-03-09 11:11:13","2023-03-09 11:11:13");
INSERT INTO product_sales VALUES("315","259","11","","","","2","0","1","0","20","0","0","0","1","2023-03-10 13:45:33","2023-03-10 13:45:33");
INSERT INTO product_sales VALUES("316","259","12","","","","1","0","1","10","0","0","0","10","1","2023-03-10 13:45:33","2023-03-10 13:45:33");
INSERT INTO product_sales VALUES("317","259","11","","","","2","0","1","10","0","0","0","20","1","2023-03-10 13:45:33","2023-03-10 13:45:33");
INSERT INTO product_sales VALUES("318","263","11","","","","2","0","1","0","20","0","0","0","1","2023-03-10 14:40:49","2023-03-10 14:40:49");
INSERT INTO product_sales VALUES("319","263","12","","","","1","0","1","10","0","0","0","10","1","2023-03-10 14:40:49","2023-03-10 14:40:49");
INSERT INTO product_sales VALUES("320","263","11","","","","2","0","1","10","0","0","0","20","1","2023-03-10 14:40:49","2023-03-10 14:40:49");
INSERT INTO product_sales VALUES("321","264","11","","","","2","0","1","0","20","0","0","0","1","2023-03-10 14:48:28","2023-03-10 14:48:28");
INSERT INTO product_sales VALUES("322","264","12","","","","1","0","1","10","0","0","0","10","1","2023-03-10 14:48:28","2023-03-10 14:48:28");
INSERT INTO product_sales VALUES("323","264","11","","","","2","0","1","10","0","0","0","20","1","2023-03-10 14:48:29","2023-03-10 14:48:29");
INSERT INTO product_sales VALUES("324","266","11","","","","2","0","1","0","20","0","0","0","1","2023-03-10 14:50:56","2023-03-10 14:50:56");
INSERT INTO product_sales VALUES("325","266","12","","","","1","0","1","10","0","0","0","10","1","2023-03-10 14:50:56","2023-03-10 14:50:56");
INSERT INTO product_sales VALUES("326","266","11","","","","2","0","1","10","0","0","0","20","1","2023-03-10 14:50:56","2023-03-10 14:50:56");
INSERT INTO product_sales VALUES("327","266","11","","","","2","0","1","0","20","0","0","0","1","2023-03-10 14:50:57","2023-03-10 14:50:57");
INSERT INTO product_sales VALUES("328","266","12","","","","1","0","1","10","0","0","0","10","1","2023-03-10 14:50:57","2023-03-10 14:50:57");
INSERT INTO product_sales VALUES("329","266","11","","","","2","0","1","10","0","0","0","20","1","2023-03-10 14:50:57","2023-03-10 14:50:57");
INSERT INTO product_sales VALUES("330","266","11","","","","2","0","1","0","20","0","0","0","1","2023-03-10 14:50:58","2023-03-10 14:50:58");
INSERT INTO product_sales VALUES("331","266","12","","","","1","0","1","10","0","0","0","10","1","2023-03-10 14:50:58","2023-03-10 14:50:58");
INSERT INTO product_sales VALUES("332","266","11","","","","2","0","1","10","0","0","0","20","1","2023-03-10 14:50:58","2023-03-10 14:50:58");
INSERT INTO product_sales VALUES("333","266","11","","","","2","0","1","0","20","0","0","0","1","2023-03-10 14:50:59","2023-03-10 14:50:59");
INSERT INTO product_sales VALUES("334","266","12","","","","1","0","1","10","0","0","0","10","1","2023-03-10 14:50:59","2023-03-10 14:50:59");
INSERT INTO product_sales VALUES("335","266","11","","","","2","0","1","10","0","0","0","20","1","2023-03-10 14:50:59","2023-03-10 14:50:59");
INSERT INTO product_sales VALUES("336","266","11","","","","2","0","1","0","20","0","0","0","1","2023-03-10 14:51:00","2023-03-10 14:51:00");
INSERT INTO product_sales VALUES("337","266","12","","","","1","0","1","10","0","0","0","10","1","2023-03-10 14:51:00","2023-03-10 14:51:00");
INSERT INTO product_sales VALUES("338","266","11","","","","2","0","1","10","0","0","0","20","1","2023-03-10 14:51:00","2023-03-10 14:51:00");
INSERT INTO product_sales VALUES("339","267","2","","","","2","0","1","0","20","0","0","0","1","2023-03-10 23:06:05","2023-03-10 23:06:05");
INSERT INTO product_sales VALUES("340","268","2","","","","20","0","7","48","200","0","0","960","1","2023-03-11 06:45:41","2023-03-11 06:47:35");
INSERT INTO product_sales VALUES("341","269","11","","8","","5","0","1","15","0","0","0","75","1","2023-03-11 06:52:53","2023-03-11 06:52:53");
INSERT INTO product_sales VALUES("342","270","13","","","","50","0","7","11","0","0","0","550","1","2023-03-11 07:05:02","2023-03-11 07:05:02");



CREATE TABLE `product_transfer` (
  `id` int(10) unsigned NOT NULL AUTO_INCREMENT,
  `transfer_id` int(11) NOT NULL,
  `product_id` int(11) NOT NULL,
  `product_batch_id` int(11) DEFAULT NULL,
  `variant_id` int(11) DEFAULT NULL,
  `imei_number` text DEFAULT NULL,
  `qty` double NOT NULL,
  `purchase_unit_id` int(11) NOT NULL,
  `net_unit_cost` double NOT NULL,
  `tax_rate` double NOT NULL,
  `tax` double NOT NULL,
  `total` double NOT NULL,
  `created_at` timestamp NULL DEFAULT NULL,
  `updated_at` timestamp NULL DEFAULT NULL,
  PRIMARY KEY (`id`)
) ENGINE=InnoDB AUTO_INCREMENT=4 DEFAULT CHARSET=utf8mb4 COLLATE=utf8mb4_unicode_ci;




CREATE TABLE `product_variants` (
  `id` int(10) unsigned NOT NULL AUTO_INCREMENT,
  `product_id` int(11) NOT NULL,
  `variant_id` int(11) NOT NULL,
  `position` int(11) NOT NULL,
  `item_code` varchar(191) NOT NULL,
  `additional_cost` double DEFAULT 0,
  `additional_price` double DEFAULT 0,
  `qty` double NOT NULL,
  `created_at` timestamp NULL DEFAULT NULL,
  `updated_at` timestamp NULL DEFAULT NULL,
  PRIMARY KEY (`id`)
) ENGINE=InnoDB AUTO_INCREMENT=21 DEFAULT CHARSET=utf8mb4 COLLATE=utf8mb4_unicode_ci;

INSERT INTO product_variants VALUES("13","12","5","1","24-91324075","10","10","1426","2023-03-04 17:57:37","2023-03-11 09:37:54");
INSERT INTO product_variants VALUES("14","12","6","2","32-91324075","20","20","0","2023-03-04 17:57:37","2023-03-11 11:41:09");
INSERT INTO product_variants VALUES("15","12","7","3","43-91324075","30","30","0","2023-03-04 17:57:37","2023-03-04 17:57:37");
INSERT INTO product_variants VALUES("16","12","9","4","64-91324075","40","40","60","2023-03-04 17:57:37","2023-03-11 13:05:54");
INSERT INTO product_variants VALUES("17","11","5","1","24-56743051","","","1","2023-03-04 17:58:08","2023-03-11 13:05:35");
INSERT INTO product_variants VALUES("18","11","6","2","32-56743051","","","0","2023-03-04 17:58:08","2023-03-04 17:58:08");
INSERT INTO product_variants VALUES("19","11","7","3","43-56743051","","","2","2023-03-04 17:58:08","2023-03-11 13:06:41");
INSERT INTO product_variants VALUES("20","11","8","4","52-56743051","","","229","2023-03-04 17:58:08","2023-03-11 13:05:36");



CREATE TABLE `product_warehouse` (
  `id` int(10) unsigned NOT NULL AUTO_INCREMENT,
  `product_id` varchar(191) NOT NULL,
  `product_batch_id` int(11) DEFAULT NULL,
  `variant_id` int(11) DEFAULT NULL,
  `imei_number` text DEFAULT NULL,
  `warehouse_id` int(11) NOT NULL,
  `qty` double NOT NULL,
  `price` double DEFAULT NULL,
  `created_at` timestamp NULL DEFAULT NULL,
  `updated_at` timestamp NULL DEFAULT NULL,
  PRIMARY KEY (`id`)
) ENGINE=InnoDB AUTO_INCREMENT=89 DEFAULT CHARSET=utf8mb4 COLLATE=utf8mb4_unicode_ci;

INSERT INTO product_warehouse VALUES("73","11","","5","","1","-264","","2023-03-04 18:00:46","2023-03-10 14:51:00");
INSERT INTO product_warehouse VALUES("74","12","","5","","1","-9","","2023-03-04 18:00:47","2023-03-10 14:51:00");
INSERT INTO product_warehouse VALUES("75","11","","8","","2","10","","2023-03-04 18:18:51","2023-03-11 09:37:55");
INSERT INTO product_warehouse VALUES("76","12","","9","","2","79","","2023-03-04 18:18:52","2023-03-11 11:37:12");
INSERT INTO product_warehouse VALUES("77","12","","9","","1","0","","2023-03-04 19:02:45","2023-03-08 22:13:15");
INSERT INTO product_warehouse VALUES("78","11","","8","","1","217","","2023-03-05 02:05:38","2023-03-11 06:52:52");
INSERT INTO product_warehouse VALUES("79","2","25","","","1","139","","2023-03-06 17:52:55","2023-03-11 06:47:35");
INSERT INTO product_warehouse VALUES("80","1","26","","","1","-6","","2023-03-06 18:03:26","2023-03-09 10:11:13");
INSERT INTO product_warehouse VALUES("81","5","27","","","1","0","","2023-03-06 23:51:00","2023-03-07 00:02:04");
INSERT INTO product_warehouse VALUES("82","13","","","","1","50","","2023-03-11 07:02:59","2023-03-11 07:05:02");
INSERT INTO product_warehouse VALUES("83","12","","6","","2","0","","2023-03-11 09:37:54","2023-03-11 11:41:09");
INSERT INTO product_warehouse VALUES("84","12","","5","","2","10","","2023-03-11 09:37:55","2023-03-11 09:37:55");
INSERT INTO product_warehouse VALUES("85","11","","7","","1","1","","2023-03-11 13:06:41","2023-03-11 13:06:41");
INSERT INTO product_warehouse VALUES("86","6","","","","3","2","","2023-03-11 15:02:31","2023-03-11 15:03:30");
INSERT INTO product_warehouse VALUES("87","11","","8","","3","10","","2023-03-11 15:03:31","2023-03-11 15:03:31");
INSERT INTO product_warehouse VALUES("88","11","","7","","3","15","","2023-03-11 15:17:47","2023-03-11 15:17:47");



CREATE TABLE `products` (
  `id` int(10) unsigned NOT NULL AUTO_INCREMENT,
  `name` varchar(191) NOT NULL,
  `code` varchar(191) NOT NULL,
  `type` varchar(191) NOT NULL,
  `barcode_symbology` varchar(191) NOT NULL,
  `brand_id` int(11) DEFAULT NULL,
  `category_id` int(11) NOT NULL,
  `unit_id` int(11) NOT NULL,
  `purchase_unit_id` int(11) NOT NULL,
  `sale_unit_id` int(11) NOT NULL,
  `cost` double NOT NULL,
  `price` double NOT NULL,
  `qty` double DEFAULT NULL,
  `alert_quantity` double DEFAULT NULL,
  `daily_sale_objective` double DEFAULT NULL,
  `promotion` tinyint(4) DEFAULT NULL,
  `promotion_price` varchar(191) DEFAULT NULL,
  `starting_date` varchar(200) DEFAULT NULL,
  `last_date` date DEFAULT NULL,
  `tax_id` int(11) DEFAULT NULL,
  `tax_method` int(11) DEFAULT NULL,
  `image` longtext DEFAULT NULL,
  `file` varchar(191) DEFAULT NULL,
  `is_embeded` tinyint(1) DEFAULT NULL,
  `is_variant` tinyint(1) DEFAULT NULL,
  `is_batch` tinyint(1) DEFAULT NULL,
  `is_diffPrice` tinyint(1) DEFAULT NULL,
  `is_imei` tinyint(1) DEFAULT NULL,
  `featured` tinyint(4) DEFAULT NULL,
  `product_list` varchar(191) DEFAULT NULL,
  `variant_list` varchar(191) DEFAULT NULL,
  `qty_list` varchar(191) DEFAULT NULL,
  `price_list` varchar(191) DEFAULT NULL,
  `product_details` text DEFAULT NULL,
  `variant_option` text DEFAULT NULL,
  `variant_value` text DEFAULT NULL,
  `is_active` tinyint(1) DEFAULT NULL,
  `created_at` timestamp NULL DEFAULT NULL,
  `updated_at` timestamp NULL DEFAULT NULL,
  PRIMARY KEY (`id`)
) ENGINE=InnoDB AUTO_INCREMENT=14 DEFAULT CHARSET=utf8mb4 COLLATE=utf8mb4_unicode_ci;

INSERT INTO products VALUES("1","Banana","18684136","standard","C128","1","1","7","7","7","45","55","-6","","","","","","","","1","zummXD2dvAtI.png","","0","","1","0","","0","","","","","","","","1","2023-02-02 16:15:36","2023-03-09 10:11:13");
INSERT INTO products VALUES("2","Avocado","86036502","standard","C128","1","1","7","7","7","50","58","138","","","","","","","","1","zummXD2dvAtI.png","","0","","1","0","","1","","","","","","","","1","2023-02-06 17:18:02","2023-03-11 11:40:05");
INSERT INTO products VALUES("4","Samsung TV","48357902","standard","C128","1","4","1","1","1","30000","45000","0","","","","","","","","2","zummXD2dvAtI.png","","1","1","","0","","1","","","","","","["inch"]","["24,32,43,52"]","0","2023-02-11 15:26:51","2023-03-04 17:55:35");
INSERT INTO products VALUES("5","Orange","23378961","standard","EAN13","1","1","7","7","7","40","50","0","","","","","","","","2","zummXD2dvAtI.png","","","","1","0","","0","","","","","","","","1","2023-02-13 23:13:40","2023-03-07 00:02:04");
INSERT INTO products VALUES("6","Tecno Mobile","21401602","standard","C128","2","1","1","1","1","400","500","0","","","","","","","","1","zummXD2dvAtI.png","","","","","","","","","","","","","","","1","2023-02-14 09:34:37","2023-02-21 16:03:23");
INSERT INTO products VALUES("7","LG TV","90621672","standard","C128","1","4","1","1","1","1000","1500","0","10","","","","","","5","2","zummXD2dvAtI.png","","","","","","","1","","","","","","","","0","2023-03-04 14:16:45","2023-03-04 16:00:31");
INSERT INTO products VALUES("8","Huawei TV","24270170","standard","C128","1","4","1","1","1","1000","1500","0","10","","","","","","","1","zummXD2dvAtI.png","","","","","","","","","","","","","","","0","2023-03-04 14:48:00","2023-03-04 16:00:14");
INSERT INTO products VALUES("9","abreham","13402961","standard","C128","","4","1","1","1","1","1","0","1","","","","","","","1","zummXD2dvAtI.png","","","","","","","","","","","","","","","0","2023-03-04 15:26:06","2023-03-04 15:28:27");
INSERT INTO products VALUES("10","aa","73118810","standard","C128","","1","4","4","4","45","50","0","","","1","4","2023-03-04","2023-03-04","","1","zummXD2dvAtI.png","","","","","","1","","","","","","","","","0","2023-03-04 15:38:28","2023-03-04 15:59:21");
INSERT INTO products VALUES("11","Huawei TV","56743051","standard","C128","","4","1","1","1","14","15","-14","10","","","","","","","1","zummXD2dvAtI.png","","0","1","","0","","1","","","","","","["size"]","["24,32,43,52"]","1","2023-03-04 15:59:09","2023-03-11 13:06:41");
INSERT INTO products VALUES("12","LG TV","91324075","standard","C128","","2","1","1","1","800","1000","89","10","","","","","","","1","zummXD2dvAtI.png","","","1","","","","","","","","","","["size"]","["24,32,43,64"]","1","2023-03-04 17:57:36","2023-03-11 11:41:09");
INSERT INTO products VALUES("13","TEF","34694870","standard","C128","","2","7","12","7","1000","11","50","","","","","","","","1","zummXD2dvAtI.png","","","","","","","","","","","","","","","1","2023-03-11 07:01:31","2023-03-11 07:05:02");



CREATE TABLE `purchase_product_return` (
  `id` int(10) unsigned NOT NULL AUTO_INCREMENT,
  `return_id` int(11) NOT NULL,
  `product_id` int(11) NOT NULL,
  `product_batch_id` int(11) DEFAULT NULL,
  `variant_id` int(11) DEFAULT NULL,
  `imei_number` text DEFAULT NULL,
  `qty` double NOT NULL,
  `purchase_unit_id` int(11) NOT NULL,
  `net_unit_cost` double NOT NULL,
  `discount` double NOT NULL,
  `tax_rate` double NOT NULL,
  `tax` double NOT NULL,
  `total` double NOT NULL,
  `created_at` timestamp NULL DEFAULT NULL,
  `updated_at` timestamp NULL DEFAULT NULL,
  PRIMARY KEY (`id`)
) ENGINE=InnoDB AUTO_INCREMENT=29 DEFAULT CHARSET=utf8mb4 COLLATE=utf8mb4_unicode_ci;

INSERT INTO purchase_product_return VALUES("6","5","12","","5","","222","1","1010","0","0","0","224220","2023-03-05 16:01:40","2023-03-05 16:01:40");
INSERT INTO purchase_product_return VALUES("7","5","11","","5","","222","1","14","0","0","0","3108","2023-03-05 16:01:41","2023-03-05 16:01:41");
INSERT INTO purchase_product_return VALUES("8","6","12","","5","","1000","1","10","0","0","0","10000","2023-03-06 15:12:05","2023-03-06 15:12:05");
INSERT INTO purchase_product_return VALUES("9","7","11","","8","","1000","1","14","0","0","0","14000","2023-03-06 15:24:24","2023-03-06 15:24:24");
INSERT INTO purchase_product_return VALUES("10","8","11","","8","","1000","1","14","0","0","0","14000","2023-03-06 15:29:45","2023-03-06 15:29:45");
INSERT INTO purchase_product_return VALUES("11","9","11","","8","","1000","1","14","0","0","0","14000","2023-03-06 15:30:54","2023-03-06 15:30:54");
INSERT INTO purchase_product_return VALUES("12","10","11","","8","","1000","1","14","0","0","0","14000","2023-03-06 15:33:03","2023-03-06 15:33:03");
INSERT INTO purchase_product_return VALUES("13","11","12","","5","","1000","1","10","0","0","0","10000","2023-03-06 15:33:38","2023-03-06 15:33:38");
INSERT INTO purchase_product_return VALUES("14","12","11","","8","","1000","1","14","0","0","0","14000","2023-03-06 15:57:05","2023-03-06 15:57:05");
INSERT INTO purchase_product_return VALUES("15","13","11","","5","","10","1","14","0","0","0","140","2023-03-06 16:25:06","2023-03-06 16:25:06");
INSERT INTO purchase_product_return VALUES("16","13","12","","5","","10","1","1010","0","0","0","10100","2023-03-06 16:25:07","2023-03-06 16:25:07");
INSERT INTO purchase_product_return VALUES("17","14","11","","5","","10","1","14","0","0","0","140","2023-03-06 16:30:44","2023-03-06 16:30:44");
INSERT INTO purchase_product_return VALUES("18","14","12","","5","","10","1","1010","0","0","0","10100","2023-03-06 16:30:44","2023-03-06 16:30:44");
INSERT INTO purchase_product_return VALUES("19","21","11","","5","","8","1","14","0","0","0","112","2023-03-06 17:02:46","2023-03-06 17:02:46");
INSERT INTO purchase_product_return VALUES("20","21","12","","5","","6","1","1010","0","0","0","6060","2023-03-06 17:02:47","2023-03-06 17:02:47");
INSERT INTO purchase_product_return VALUES("21","24","11","","5","","4","1","14","0","0","0","56","2023-03-06 17:08:02","2023-03-06 17:08:02");
INSERT INTO purchase_product_return VALUES("22","24","12","","5","","3","1","1010","0","0","0","3030","2023-03-06 17:08:02","2023-03-06 17:08:02");
INSERT INTO purchase_product_return VALUES("23","29","11","","5","","9","1","14","0","0","0","126","2023-03-06 17:17:41","2023-03-06 17:17:41");
INSERT INTO purchase_product_return VALUES("24","29","12","","5","","9","1","1010","0","0","0","9090","2023-03-06 17:17:41","2023-03-06 17:17:41");
INSERT INTO purchase_product_return VALUES("25","30","11","","5","","13","1","14","0","0","0","182","2023-03-06 17:19:56","2023-03-06 17:19:56");
INSERT INTO purchase_product_return VALUES("26","30","12","","5","","13","1","1010","0","0","0","13130","2023-03-06 17:19:56","2023-03-06 17:19:56");
INSERT INTO purchase_product_return VALUES("27","31","11","","5","","14","1","14","0","0","0","196","2023-03-06 17:22:18","2023-03-06 17:22:18");
INSERT INTO purchase_product_return VALUES("28","31","12","","5","","23","1","1010","0","0","0","23230","2023-03-06 17:22:19","2023-03-06 17:22:19");



CREATE TABLE `purchase_product_transfer` (
  `id` int(10) unsigned NOT NULL AUTO_INCREMENT,
  `transfer_id` int(11) NOT NULL,
  `product_id` int(11) NOT NULL,
  `product_batch_id` int(11) DEFAULT NULL,
  `variant_id` int(11) DEFAULT NULL,
  `imei_number` text DEFAULT NULL,
  `qty` double NOT NULL,
  `purchase_unit_id` int(11) NOT NULL,
  `net_unit_cost` double NOT NULL,
  `discount` double NOT NULL,
  `tax_rate` double NOT NULL,
  `tax` double NOT NULL,
  `total` double NOT NULL,
  `created_at` timestamp NULL DEFAULT NULL,
  `updated_at` timestamp NULL DEFAULT NULL,
  PRIMARY KEY (`id`)
) ENGINE=InnoDB AUTO_INCREMENT=103 DEFAULT CHARSET=utf8mb4 COLLATE=utf8mb4_unicode_ci;

INSERT INTO purchase_product_transfer VALUES("89","90","4","","7","","100","1","33000","0","0","0","3300000","2023-03-04 12:34:39","2023-03-04 12:34:39");
INSERT INTO purchase_product_transfer VALUES("90","90","4","","8","","100","1","40000","0","0","0","4000000","2023-03-04 12:34:40","2023-03-04 12:34:40");
INSERT INTO purchase_product_transfer VALUES("91","91","2","23","","","100","7","50","0","0","0","5000","2023-03-04 12:49:19","2023-03-04 12:49:19");
INSERT INTO purchase_product_transfer VALUES("92","92","11","","8","","100","1","24","0","0","0","2400","2023-03-04 16:04:52","2023-03-04 16:04:52");
INSERT INTO purchase_product_transfer VALUES("93","93","11","","8","","555","1","24","0","0","0","13320","2023-03-04 16:09:53","2023-03-04 16:09:53");
INSERT INTO purchase_product_transfer VALUES("94","94","2","24","","","555","7","50","0","0","0","27750","2023-03-04 16:14:03","2023-03-04 16:14:03");
INSERT INTO purchase_product_transfer VALUES("95","95","11","","8","","701","1","24","0","0","0","16824","2023-03-04 16:20:27","2023-03-04 16:20:27");
INSERT INTO purchase_product_transfer VALUES("96","96","11","","8","","33","1","24","0","0","0","792","2023-03-04 16:23:43","2023-03-04 16:23:43");
INSERT INTO purchase_product_transfer VALUES("97","100","11","","6","","225","1","24","0","0","0","5400","2023-03-04 16:38:32","2023-03-04 16:38:32");
INSERT INTO purchase_product_transfer VALUES("98","101","12","","5","","222","1","1010","0","0","0","224220","2023-03-04 18:03:13","2023-03-04 18:03:13");
INSERT INTO purchase_product_transfer VALUES("99","101","11","","5","","222","1","14","0","0","0","3108","2023-03-04 18:03:14","2023-03-04 18:03:14");
INSERT INTO purchase_product_transfer VALUES("100","102","12","","5","","1000","1","10","0","0","0","10000","2023-03-05 02:01:47","2023-03-05 02:01:47");
INSERT INTO purchase_product_transfer VALUES("101","103","1","26","","","14","7","45","0","0","0","630","2023-03-06 18:03:26","2023-03-06 18:03:26");
INSERT INTO purchase_product_transfer VALUES("102","104","11","","7","","1","1","14","0","0","0","14","2023-03-11 13:06:41","2023-03-11 13:06:41");



CREATE TABLE `purchases` (
  `id` int(10) unsigned NOT NULL AUTO_INCREMENT,
  `reference_no` varchar(500) NOT NULL,
  `user_id` int(11) NOT NULL,
  `warehouse_id` int(11) NOT NULL,
  `supplier_id` int(11) DEFAULT NULL,
  `item` int(11) NOT NULL,
  `total_qty` double NOT NULL,
  `transferred_qty` double DEFAULT 0,
  `returned_qty` double NOT NULL DEFAULT 0,
  `total_discount` double NOT NULL,
  `total_tax` double NOT NULL,
  `total_cost` double NOT NULL,
  `order_tax_rate` double DEFAULT NULL,
  `order_tax` double DEFAULT NULL,
  `order_discount` double DEFAULT NULL,
  `shipping_cost` double DEFAULT NULL,
  `grand_total` double NOT NULL,
  `paid_amount` double NOT NULL,
  `status` int(11) NOT NULL,
  `payment_status` int(11) NOT NULL,
  `document` varchar(191) DEFAULT NULL,
  `note` text DEFAULT NULL,
  `created_at` timestamp NULL DEFAULT NULL,
  `updated_at` timestamp NULL DEFAULT NULL,
  PRIMARY KEY (`id`)
) ENGINE=InnoDB AUTO_INCREMENT=201 DEFAULT CHARSET=utf8mb4 COLLATE=utf8mb4_unicode_ci;

INSERT INTO purchases VALUES("187","pr-20230304-060045","9","1","","2","200","0","353","0","0","102400","0","0","","","102400","102400","1","2","","","2023-03-04 18:00:45","2023-03-06 17:22:17");
INSERT INTO purchases VALUES("188","transfered-wpr-20230304-060159","1","1","","2","444","0","0","0","0","227328","0","0","","","227328","227328","1","2","","","2023-03-04 18:03:12","2023-03-04 18:03:12");
INSERT INTO purchases VALUES("190","pr-20230304-070244","9","1","","1","1","0","0","0","0","1040","0","0","","","1040","1040","1","2","","","2023-03-04 19:02:44","2023-03-05 02:08:39");
INSERT INTO purchases VALUES("191","transfered-wpr-20230305-020121","1","1","","1","1000","0","1000","0","0","10000","0","0","","","10000","10000","1","2","","","2023-03-05 02:01:45","2023-03-06 15:12:03");
INSERT INTO purchases VALUES("192","pr-20230305-020537","1","1","","1","1000","0","5000","0","0","14000","0","0","","","14000","14000","1","2","","","2023-03-05 02:05:37","2023-03-06 15:57:04");
INSERT INTO purchases VALUES("193","pr-20230306-054822","1","1","","2","353","0","0","0","0","3642","0","0","","","3642","3642","1","2","","","2023-03-06 17:48:22","2023-03-06 17:48:53");
INSERT INTO purchases VALUES("194","pr-20230306-055254","1","1","","1","100","0","0","0","0","5000","0","0","","","5000","5000","1","2","","","2023-03-06 17:52:54","2023-03-08 19:42:47");
INSERT INTO purchases VALUES("195","transfered-wpr-20230306-060233-on-2023-03-06 18:03:25","1","1","","1","14","0","0","0","0","630","0","0","","","630","630","1","2","","","2023-03-06 18:03:25","2023-03-06 18:03:25");
INSERT INTO purchases VALUES("196","pr-20230306-115059","1","1","","1","1000","0","0","0","0","40000","0","0","","","40000","80000","1","1","","","2023-03-06 23:50:59","2023-03-08 19:39:56");
INSERT INTO purchases VALUES("197","pr-20230311-070258","1","1","1","1","1","0","2","0","0","100000","0","0","","","100000","0","1","1","","","2023-03-11 07:02:58","2023-03-11 07:20:33");
INSERT INTO purchases VALUES("198","pr-20230311-083202","1","2","1","1","100","0","0","0","0","104000","0","0","","","104000","104000","1","2","","","2023-03-11 08:32:02","2023-03-11 08:32:11");
INSERT INTO purchases VALUES("199","pr-20230311-093753","1","2","","3","30","0","0","0","0","14240","0","0","","","14240","14240","1","2","","","2023-03-11 09:37:53","2023-03-11 09:38:24");
INSERT INTO purchases VALUES("200","transfered-wpr-20230311-010612-on-2023-03-11 13:06:40","1","1","","1","1","0","0","0","0","14","0","0","","","14","14","1","2","","","2023-03-11 13:06:40","2023-03-11 13:06:40");



CREATE TABLE `quotations` (
  `id` int(10) unsigned NOT NULL AUTO_INCREMENT,
  `reference_no` varchar(191) NOT NULL,
  `user_id` int(11) NOT NULL,
  `biller_id` int(11) NOT NULL,
  `supplier_id` int(11) DEFAULT NULL,
  `customer_id` int(11) NOT NULL,
  `warehouse_id` int(11) NOT NULL,
  `item` int(11) NOT NULL,
  `total_qty` double NOT NULL,
  `total_discount` double NOT NULL,
  `total_tax` double NOT NULL,
  `total_price` double NOT NULL,
  `order_tax_rate` double DEFAULT NULL,
  `order_tax` double DEFAULT NULL,
  `order_discount` double DEFAULT NULL,
  `shipping_cost` double DEFAULT NULL,
  `grand_total` double NOT NULL,
  `quotation_status` int(11) NOT NULL,
  `document` varchar(191) DEFAULT NULL,
  `note` text DEFAULT NULL,
  `created_at` timestamp NULL DEFAULT NULL,
  `updated_at` timestamp NULL DEFAULT NULL,
  PRIMARY KEY (`id`)
) ENGINE=InnoDB AUTO_INCREMENT=2 DEFAULT CHARSET=utf8mb4 COLLATE=utf8mb4_unicode_ci;

INSERT INTO quotations VALUES("1","qr-20230307-124712","1","1","","1","1","1","10","0","0","150","0","0","","","150","1","","","2023-03-07 00:47:12","2023-03-07 00:47:12");



CREATE TABLE `return_purchases` (
  `id` int(10) unsigned NOT NULL AUTO_INCREMENT,
  `reference_no` varchar(500) NOT NULL,
  `supplier_id` int(11) DEFAULT NULL,
  `warehouse_id` int(11) NOT NULL,
  `user_id` int(11) NOT NULL,
  `purchase_id` int(11) DEFAULT NULL,
  `account_id` int(11) NOT NULL,
  `item` int(11) NOT NULL,
  `total_qty` double NOT NULL,
  `total_discount` double NOT NULL,
  `total_tax` double NOT NULL,
  `total_cost` double NOT NULL,
  `order_tax_rate` double DEFAULT NULL,
  `order_tax` double DEFAULT NULL,
  `grand_total` double NOT NULL,
  `document` varchar(191) DEFAULT NULL,
  `return_note` text DEFAULT NULL,
  `staff_note` text DEFAULT NULL,
  `created_at` timestamp NULL DEFAULT NULL,
  `updated_at` timestamp NULL DEFAULT NULL,
  PRIMARY KEY (`id`)
) ENGINE=InnoDB AUTO_INCREMENT=35 DEFAULT CHARSET=utf8mb4 COLLATE=utf8mb4_unicode_ci;

INSERT INTO return_purchases VALUES("5","returned-main-warehouse-","","1","9","","6","2","444","0","0","227328","0","0","227328","","","","2023-03-05 16:01:39","2023-03-05 16:01:39");
INSERT INTO return_purchases VALUES("6","returned-main-warehouse-transfered-wpr-20230305-020121","","1","9","","6","1","1000","0","0","10000","0","0","10000","","","","2023-03-06 15:12:03","2023-03-06 15:12:03");
INSERT INTO return_purchases VALUES("7","returned-main-warehouse-pr-20230305-020537","","1","9","","6","1","1000","0","0","14000","0","0","14000","","","","2023-03-06 15:24:23","2023-03-06 15:24:23");
INSERT INTO return_purchases VALUES("8","returned-from-store-to-warehouse-pr-20230305-020537","","1","9","","6","1","1000","0","0","14000","0","0","14000","","","","2023-03-06 15:29:45","2023-03-06 15:29:45");
INSERT INTO return_purchases VALUES("9","returned-from-store-to-supplier-pr-20230305-020537","","1","9","","6","1","1000","0","0","14000","0","0","14000","","","","2023-03-06 15:30:53","2023-03-06 15:30:53");
INSERT INTO return_purchases VALUES("10","returned-from-store-to-supplier-pr-20230305-020537","","1","1","","6","1","1000","0","0","14000","0","0","14000","","","","2023-03-06 15:33:02","2023-03-06 15:33:02");
INSERT INTO return_purchases VALUES("11","returned-from-warehouse-to-supplier-wpr-20230305-020121","","3","1","","6","1","1000","0","0","10000","0","0","10000","","","","2023-03-06 15:33:38","2023-03-06 15:33:38");
INSERT INTO return_purchases VALUES("12","returned-from-store-to-supplier-pr-20230305-020537","","1","9","","6","1","1000","0","0","14000","0","0","14000","","","","2023-03-06 15:57:04","2023-03-06 15:57:04");
INSERT INTO return_purchases VALUES("13","returned-from-{"id":1,"name":"Store one","phone":"+251970493518","email":"admin@webdamn.com","address":"03 kebele, Eresha sub city , Butaira , Ethiopia","is_active":1,"created_at":"2023-02-02T13:18:46.000000Z","updated_at":"2023-02-02T13:18:46.000000Z"}-to-supplier-pr-20230304-060045","","1","9","","6","2","20","0","0","10240","0","0","10240","","","","2023-03-06 16:25:05","2023-03-06 16:25:05");
INSERT INTO return_purchases VALUES("14","returned-from-Store one-to-supplier-pr-20230304-060045","","1","9","","6","2","20","0","0","10240","0","0","10240","","","","2023-03-06 16:30:43","2023-03-06 16:30:43");
INSERT INTO return_purchases VALUES("15","returned-from-Store one-to-supplier-pr-20230304-060045","","1","9","","6","2","16","0","0","8192","0","0","8192","","","","2023-03-06 16:43:13","2023-03-06 16:43:13");
INSERT INTO return_purchases VALUES("16","returned-from-Store one-to-supplier-pr-20230304-060045","","1","9","","6","2","16","0","0","8192","0","0","8192","","","","2023-03-06 16:43:47","2023-03-06 16:43:47");
INSERT INTO return_purchases VALUES("17","returned-from-Store one-to-supplier-pr-20230304-060045","","1","9","","6","2","16","0","0","8192","0","0","8192","","","","2023-03-06 16:45:35","2023-03-06 16:45:35");
INSERT INTO return_purchases VALUES("18","returned-from-Store one-to-supplier-pr-20230304-060045","","1","9","","6","2","16","0","0","8192","0","0","8192","","","","2023-03-06 16:45:44","2023-03-06 16:45:44");
INSERT INTO return_purchases VALUES("19","returned-from-Store one-to-supplier-pr-20230304-060045","","1","9","","6","2","20","0","0","10240","0","0","10240","","","","2023-03-06 16:51:31","2023-03-06 16:51:31");
INSERT INTO return_purchases VALUES("20","returned-from-Store one-to-supplier-pr-20230304-060045","","1","9","","6","2","14","0","0","6172","0","0","6172","","","","2023-03-06 17:01:58","2023-03-06 17:01:58");
INSERT INTO return_purchases VALUES("21","returned-from-Store one-to-supplier-pr-20230304-060045","","1","9","","6","2","14","0","0","6172","0","0","6172","","","","2023-03-06 17:02:46","2023-03-06 17:02:46");
INSERT INTO return_purchases VALUES("22","returned-from-Store one-to-supplier-pr-20230304-060045-2023-03-06 17:06:41","","1","9","","6","2","7","0","0","3086","0","0","3086","","","","2023-03-06 17:06:41","2023-03-06 17:06:41");
INSERT INTO return_purchases VALUES("23","returned-from-Store one-to-supplier-pr-20230304-060045-2023-03-06 17:07:24","","1","9","","6","2","7","0","0","3086","0","0","3086","","","","2023-03-06 17:07:24","2023-03-06 17:07:24");
INSERT INTO return_purchases VALUES("24","returned-from-Store one-to-supplier-pr-20230304-060045-2023-03-06 17:08:01","","1","9","","6","2","7","0","0","3086","0","0","3086","","","","2023-03-06 17:08:01","2023-03-06 17:08:01");
INSERT INTO return_purchases VALUES("25","returned-from-Store one-to-supplier-pr-20230304-060045-2023-03-06 17:10:54","","1","9","","6","2","18","0","0","9216","0","0","9216","","","","2023-03-06 17:10:54","2023-03-06 17:10:54");
INSERT INTO return_purchases VALUES("26","returned-from-Store one-to-supplier-pr-20230304-060045-2023-03-06 17:12:41","","1","9","","6","2","18","0","0","9216","0","0","9216","","","","2023-03-06 17:12:41","2023-03-06 17:12:41");
INSERT INTO return_purchases VALUES("27","returned-from-Store one-to-supplier-pr-20230304-060045-2023-03-06 17:13:06","","1","9","","6","2","18","0","0","9216","0","0","9216","","","","2023-03-06 17:13:06","2023-03-06 17:13:06");
INSERT INTO return_purchases VALUES("28","returned-from-Store one-to-supplier-pr-20230304-060045-2023-03-06 17:15:08","","1","9","","6","2","18","0","0","9216","0","0","9216","","","","2023-03-06 17:15:08","2023-03-06 17:15:08");
INSERT INTO return_purchases VALUES("29","returned-from-Store one-to-main-warehouse-pr-20230304-060045-2023-03-06 17:17:40","","1","9","","6","2","18","0","0","9216","0","0","9216","","","","2023-03-06 17:17:40","2023-03-06 17:17:40");
INSERT INTO return_purchases VALUES("30","returned-from-Store one-to-main-warehouse-pr-20230304-060045-on-2023-03-06 17:19:55","","1","9","","6","2","26","0","0","13312","0","0","13312","","","","2023-03-06 17:19:55","2023-03-06 17:19:55");
INSERT INTO return_purchases VALUES("31","returned-from-Store one-to-main-Suppler-pr-20230304-060045-on-2023-03-06 17:22:17","","1","9","","6","2","37","0","0","23426","0","0","23426","","","","2023-03-06 17:22:17","2023-03-06 17:22:17");
INSERT INTO return_purchases VALUES("32","returned-from-Store one-to-main-Suppler-pr-20230311-070258-on-2023-03-11 07:07:27","1","1","1","","6","1","1","0","0","100000","0","0","100000","","","","2023-03-11 07:07:27","2023-03-11 07:07:27");
INSERT INTO return_purchases VALUES("33","returned-from-Store one-to-main-Suppler-pr-20230311-070258-on-2023-03-11 07:20:33","1","1","1","","6","1","1","0","0","100000","0","0","100000","","","","2023-03-11 07:20:33","2023-03-11 07:20:33");
INSERT INTO return_purchases VALUES("34","returned-from-Store one-to-main-warehouse-transfered-wpr-20230304-060159-on-2023-03-11 13:02:49","","1","1","","6","1","0","0","0","0","0","0","0","","","","2023-03-11 13:02:49","2023-03-11 13:02:49");



CREATE TABLE `returns` (
  `id` int(10) unsigned NOT NULL AUTO_INCREMENT,
  `reference_no` varchar(191) NOT NULL,
  `user_id` int(11) NOT NULL,
  `sale_id` int(11) DEFAULT NULL,
  `cash_register_id` int(11) DEFAULT NULL,
  `customer_id` int(11) NOT NULL,
  `warehouse_id` int(11) NOT NULL,
  `biller_id` int(11) NOT NULL,
  `account_id` int(11) NOT NULL,
  `item` int(11) NOT NULL,
  `total_qty` double NOT NULL,
  `total_discount` double NOT NULL,
  `total_tax` double NOT NULL,
  `total_price` double NOT NULL,
  `order_tax_rate` double DEFAULT NULL,
  `order_tax` double DEFAULT NULL,
  `grand_total` double NOT NULL,
  `document` varchar(191) DEFAULT NULL,
  `return_note` text DEFAULT NULL,
  `staff_note` text DEFAULT NULL,
  `created_at` timestamp NULL DEFAULT NULL,
  `updated_at` timestamp NULL DEFAULT NULL,
  PRIMARY KEY (`id`)
) ENGINE=InnoDB AUTO_INCREMENT=20 DEFAULT CHARSET=utf8mb4 COLLATE=utf8mb4_unicode_ci;

INSERT INTO returns VALUES("7","rr-20230305-051827","1","177","3","1","1","1","6","1","1000","0","0","100000000","0","0","100000000","","","","2023-03-05 17:18:27","2023-03-05 17:18:27");
INSERT INTO returns VALUES("8","sales-return-r-20230306-100711","1","178","3","1","1","1","6","1","100","0","0","5800","0","0","5800","","","","2023-03-06 22:07:11","2023-03-06 22:07:11");
INSERT INTO returns VALUES("9","sales-return-r-20230306-100844","1","178","3","1","1","1","6","1","100","0","0","5800","0","0","5800","","","","2023-03-06 22:08:44","2023-03-06 22:08:44");
INSERT INTO returns VALUES("10","sales-return-r-20230306-101342","1","178","3","1","1","1","6","1","100","0","0","5800","0","0","5800","","","","2023-03-06 22:13:42","2023-03-06 22:13:42");
INSERT INTO returns VALUES("11","sales-return-r-20230306-105459","1","178","3","1","1","1","6","1","100","0","0","5800","0","0","5800","","","","2023-03-06 22:54:59","2023-03-06 22:54:59");
INSERT INTO returns VALUES("12","sales-return-r-20230306-110229","1","178","3","1","1","1","6","1","100","0","0","5800","0","0","5800","","","","2023-03-06 23:02:29","2023-03-06 23:02:29");
INSERT INTO returns VALUES("13","sales-return-r-20230306-110323","1","178","3","1","1","1","6","1","100","0","0","5800","0","0","5800","","","","2023-03-06 23:03:23","2023-03-06 23:03:23");
INSERT INTO returns VALUES("14","sales-return-r-20230306-110353","1","178","3","1","1","1","6","1","100","0","0","5800","0","0","5800","","","","2023-03-06 23:03:54","2023-03-06 23:03:54");
INSERT INTO returns VALUES("15","sales-return-r-20230306-110746","1","178","3","1","1","1","6","1","100","0","0","5800","0","0","5800","","","","2023-03-06 23:07:46","2023-03-06 23:07:46");
INSERT INTO returns VALUES("16","sales-return-r-20230306-114147","1","174","3","1","1","1","6","1","1","0","0","1040","0","0","1040","","","","2023-03-06 23:41:47","2023-03-06 23:41:47");
INSERT INTO returns VALUES("17","sales-return-r-20230306-115350","1","179","3","1","1","1","6","1","1000","0","0","50000","0","0","50000","","","","2023-03-06 23:53:50","2023-03-06 23:53:50");
INSERT INTO returns VALUES("18","sales-return-r-20230307-121310","1","176","3","1","1","1","6","1","1000","0","0","1010000","0","0","1010000","","","","2023-03-07 00:13:10","2023-03-07 00:13:10");
INSERT INTO returns VALUES("19","sales-return-r-20230307-122338","1","177","3","1","1","1","6","1","1000","0","0","100000000","0","0","100000000","","","","2023-03-07 00:23:38","2023-03-07 00:23:38");



CREATE TABLE `reward_point_settings` (
  `id` bigint(20) unsigned NOT NULL AUTO_INCREMENT,
  `per_point_amount` double NOT NULL,
  `minimum_amount` double NOT NULL,
  `duration` int(11) DEFAULT NULL,
  `type` varchar(191) DEFAULT NULL,
  `is_active` tinyint(1) NOT NULL,
  `created_at` timestamp NULL DEFAULT NULL,
  `updated_at` timestamp NULL DEFAULT NULL,
  PRIMARY KEY (`id`)
) ENGINE=InnoDB AUTO_INCREMENT=3 DEFAULT CHARSET=utf8mb4 COLLATE=utf8mb4_unicode_ci;

INSERT INTO reward_point_settings VALUES("2","300","100","1","Year","1","2023-02-21 16:38:27","2023-02-21 16:38:27");



CREATE TABLE `role_has_permissions` (
  `permission_id` int(10) unsigned NOT NULL,
  `role_id` int(10) unsigned NOT NULL,
  PRIMARY KEY (`permission_id`,`role_id`),
  KEY `role_has_permissions_role_id_foreign` (`role_id`),
  CONSTRAINT `role_has_permissions_permission_id_foreign` FOREIGN KEY (`permission_id`) REFERENCES `permissions` (`id`) ON DELETE CASCADE,
  CONSTRAINT `role_has_permissions_role_id_foreign` FOREIGN KEY (`role_id`) REFERENCES `roles` (`id`) ON DELETE CASCADE
) ENGINE=InnoDB DEFAULT CHARSET=utf8mb4 COLLATE=utf8mb4_unicode_ci;

INSERT INTO role_has_permissions VALUES("4","1");
INSERT INTO role_has_permissions VALUES("4","2");
INSERT INTO role_has_permissions VALUES("4","4");
INSERT INTO role_has_permissions VALUES("4","6");
INSERT INTO role_has_permissions VALUES("5","1");
INSERT INTO role_has_permissions VALUES("5","2");
INSERT INTO role_has_permissions VALUES("6","1");
INSERT INTO role_has_permissions VALUES("6","2");
INSERT INTO role_has_permissions VALUES("6","4");
INSERT INTO role_has_permissions VALUES("6","6");
INSERT INTO role_has_permissions VALUES("7","1");
INSERT INTO role_has_permissions VALUES("7","2");
INSERT INTO role_has_permissions VALUES("7","4");
INSERT INTO role_has_permissions VALUES("7","6");
INSERT INTO role_has_permissions VALUES("8","1");
INSERT INTO role_has_permissions VALUES("8","2");
INSERT INTO role_has_permissions VALUES("8","4");
INSERT INTO role_has_permissions VALUES("8","6");
INSERT INTO role_has_permissions VALUES("9","1");
INSERT INTO role_has_permissions VALUES("9","2");
INSERT INTO role_has_permissions VALUES("9","4");
INSERT INTO role_has_permissions VALUES("9","6");
INSERT INTO role_has_permissions VALUES("10","1");
INSERT INTO role_has_permissions VALUES("10","2");
INSERT INTO role_has_permissions VALUES("10","6");
INSERT INTO role_has_permissions VALUES("11","1");
INSERT INTO role_has_permissions VALUES("11","2");
INSERT INTO role_has_permissions VALUES("12","1");
INSERT INTO role_has_permissions VALUES("12","2");
INSERT INTO role_has_permissions VALUES("12","4");
INSERT INTO role_has_permissions VALUES("13","1");
INSERT INTO role_has_permissions VALUES("13","2");
INSERT INTO role_has_permissions VALUES("13","4");
INSERT INTO role_has_permissions VALUES("14","1");
INSERT INTO role_has_permissions VALUES("14","2");
INSERT INTO role_has_permissions VALUES("15","1");
INSERT INTO role_has_permissions VALUES("15","2");
INSERT INTO role_has_permissions VALUES("16","1");
INSERT INTO role_has_permissions VALUES("16","2");
INSERT INTO role_has_permissions VALUES("17","1");
INSERT INTO role_has_permissions VALUES("17","2");
INSERT INTO role_has_permissions VALUES("18","1");
INSERT INTO role_has_permissions VALUES("18","2");
INSERT INTO role_has_permissions VALUES("19","1");
INSERT INTO role_has_permissions VALUES("19","2");
INSERT INTO role_has_permissions VALUES("20","1");
INSERT INTO role_has_permissions VALUES("20","2");
INSERT INTO role_has_permissions VALUES("20","4");
INSERT INTO role_has_permissions VALUES("20","6");
INSERT INTO role_has_permissions VALUES("21","1");
INSERT INTO role_has_permissions VALUES("21","2");
INSERT INTO role_has_permissions VALUES("21","4");
INSERT INTO role_has_permissions VALUES("21","6");
INSERT INTO role_has_permissions VALUES("22","1");
INSERT INTO role_has_permissions VALUES("22","2");
INSERT INTO role_has_permissions VALUES("22","4");
INSERT INTO role_has_permissions VALUES("22","6");
INSERT INTO role_has_permissions VALUES("23","1");
INSERT INTO role_has_permissions VALUES("23","2");
INSERT INTO role_has_permissions VALUES("23","6");
INSERT INTO role_has_permissions VALUES("24","1");
INSERT INTO role_has_permissions VALUES("24","2");
INSERT INTO role_has_permissions VALUES("24","4");
INSERT INTO role_has_permissions VALUES("25","1");
INSERT INTO role_has_permissions VALUES("25","2");
INSERT INTO role_has_permissions VALUES("25","4");
INSERT INTO role_has_permissions VALUES("26","1");
INSERT INTO role_has_permissions VALUES("26","2");
INSERT INTO role_has_permissions VALUES("27","1");
INSERT INTO role_has_permissions VALUES("27","2");
INSERT INTO role_has_permissions VALUES("28","1");
INSERT INTO role_has_permissions VALUES("28","2");
INSERT INTO role_has_permissions VALUES("28","4");
INSERT INTO role_has_permissions VALUES("28","6");
INSERT INTO role_has_permissions VALUES("29","1");
INSERT INTO role_has_permissions VALUES("29","2");
INSERT INTO role_has_permissions VALUES("29","4");
INSERT INTO role_has_permissions VALUES("29","6");
INSERT INTO role_has_permissions VALUES("30","1");
INSERT INTO role_has_permissions VALUES("30","2");
INSERT INTO role_has_permissions VALUES("30","6");
INSERT INTO role_has_permissions VALUES("31","1");
INSERT INTO role_has_permissions VALUES("31","2");
INSERT INTO role_has_permissions VALUES("31","6");
INSERT INTO role_has_permissions VALUES("32","1");
INSERT INTO role_has_permissions VALUES("32","2");
INSERT INTO role_has_permissions VALUES("32","6");
INSERT INTO role_has_permissions VALUES("33","1");
INSERT INTO role_has_permissions VALUES("33","2");
INSERT INTO role_has_permissions VALUES("33","6");
INSERT INTO role_has_permissions VALUES("34","1");
INSERT INTO role_has_permissions VALUES("34","2");
INSERT INTO role_has_permissions VALUES("34","6");
INSERT INTO role_has_permissions VALUES("35","1");
INSERT INTO role_has_permissions VALUES("35","2");
INSERT INTO role_has_permissions VALUES("35","6");
INSERT INTO role_has_permissions VALUES("36","1");
INSERT INTO role_has_permissions VALUES("36","2");
INSERT INTO role_has_permissions VALUES("37","1");
INSERT INTO role_has_permissions VALUES("37","2");
INSERT INTO role_has_permissions VALUES("38","1");
INSERT INTO role_has_permissions VALUES("38","2");
INSERT INTO role_has_permissions VALUES("39","1");
INSERT INTO role_has_permissions VALUES("39","2");
INSERT INTO role_has_permissions VALUES("40","1");
INSERT INTO role_has_permissions VALUES("40","2");
INSERT INTO role_has_permissions VALUES("41","1");
INSERT INTO role_has_permissions VALUES("41","2");
INSERT INTO role_has_permissions VALUES("42","1");
INSERT INTO role_has_permissions VALUES("42","2");
INSERT INTO role_has_permissions VALUES("43","1");
INSERT INTO role_has_permissions VALUES("43","2");
INSERT INTO role_has_permissions VALUES("44","1");
INSERT INTO role_has_permissions VALUES("44","2");
INSERT INTO role_has_permissions VALUES("45","1");
INSERT INTO role_has_permissions VALUES("45","2");
INSERT INTO role_has_permissions VALUES("46","1");
INSERT INTO role_has_permissions VALUES("46","2");
INSERT INTO role_has_permissions VALUES("47","1");
INSERT INTO role_has_permissions VALUES("47","2");
INSERT INTO role_has_permissions VALUES("48","1");
INSERT INTO role_has_permissions VALUES("48","2");
INSERT INTO role_has_permissions VALUES("49","1");
INSERT INTO role_has_permissions VALUES("49","2");
INSERT INTO role_has_permissions VALUES("50","1");
INSERT INTO role_has_permissions VALUES("50","2");
INSERT INTO role_has_permissions VALUES("51","1");
INSERT INTO role_has_permissions VALUES("51","2");
INSERT INTO role_has_permissions VALUES("52","1");
INSERT INTO role_has_permissions VALUES("52","2");
INSERT INTO role_has_permissions VALUES("53","1");
INSERT INTO role_has_permissions VALUES("53","2");
INSERT INTO role_has_permissions VALUES("54","1");
INSERT INTO role_has_permissions VALUES("54","2");
INSERT INTO role_has_permissions VALUES("55","1");
INSERT INTO role_has_permissions VALUES("55","2");
INSERT INTO role_has_permissions VALUES("55","4");
INSERT INTO role_has_permissions VALUES("55","6");
INSERT INTO role_has_permissions VALUES("56","1");
INSERT INTO role_has_permissions VALUES("56","2");
INSERT INTO role_has_permissions VALUES("56","4");
INSERT INTO role_has_permissions VALUES("56","6");
INSERT INTO role_has_permissions VALUES("57","1");
INSERT INTO role_has_permissions VALUES("57","2");
INSERT INTO role_has_permissions VALUES("57","4");
INSERT INTO role_has_permissions VALUES("57","6");
INSERT INTO role_has_permissions VALUES("58","1");
INSERT INTO role_has_permissions VALUES("58","2");
INSERT INTO role_has_permissions VALUES("58","6");
INSERT INTO role_has_permissions VALUES("59","1");
INSERT INTO role_has_permissions VALUES("59","2");
INSERT INTO role_has_permissions VALUES("60","1");
INSERT INTO role_has_permissions VALUES("60","2");
INSERT INTO role_has_permissions VALUES("61","1");
INSERT INTO role_has_permissions VALUES("61","2");
INSERT INTO role_has_permissions VALUES("62","1");
INSERT INTO role_has_permissions VALUES("62","2");
INSERT INTO role_has_permissions VALUES("63","1");
INSERT INTO role_has_permissions VALUES("63","2");
INSERT INTO role_has_permissions VALUES("63","4");
INSERT INTO role_has_permissions VALUES("63","6");
INSERT INTO role_has_permissions VALUES("64","1");
INSERT INTO role_has_permissions VALUES("64","2");
INSERT INTO role_has_permissions VALUES("64","4");
INSERT INTO role_has_permissions VALUES("64","6");
INSERT INTO role_has_permissions VALUES("65","1");
INSERT INTO role_has_permissions VALUES("65","2");
INSERT INTO role_has_permissions VALUES("65","6");
INSERT INTO role_has_permissions VALUES("66","1");
INSERT INTO role_has_permissions VALUES("66","2");
INSERT INTO role_has_permissions VALUES("66","6");
INSERT INTO role_has_permissions VALUES("67","1");
INSERT INTO role_has_permissions VALUES("67","2");
INSERT INTO role_has_permissions VALUES("68","1");
INSERT INTO role_has_permissions VALUES("68","2");
INSERT INTO role_has_permissions VALUES("69","1");
INSERT INTO role_has_permissions VALUES("69","2");
INSERT INTO role_has_permissions VALUES("70","1");
INSERT INTO role_has_permissions VALUES("70","2");
INSERT INTO role_has_permissions VALUES("71","1");
INSERT INTO role_has_permissions VALUES("71","2");
INSERT INTO role_has_permissions VALUES("72","1");
INSERT INTO role_has_permissions VALUES("72","2");
INSERT INTO role_has_permissions VALUES("73","1");
INSERT INTO role_has_permissions VALUES("73","2");
INSERT INTO role_has_permissions VALUES("74","1");
INSERT INTO role_has_permissions VALUES("74","2");
INSERT INTO role_has_permissions VALUES("75","1");
INSERT INTO role_has_permissions VALUES("75","2");
INSERT INTO role_has_permissions VALUES("76","1");
INSERT INTO role_has_permissions VALUES("76","2");
INSERT INTO role_has_permissions VALUES("77","1");
INSERT INTO role_has_permissions VALUES("77","2");
INSERT INTO role_has_permissions VALUES("78","1");
INSERT INTO role_has_permissions VALUES("78","2");
INSERT INTO role_has_permissions VALUES("79","1");
INSERT INTO role_has_permissions VALUES("79","2");
INSERT INTO role_has_permissions VALUES("80","1");
INSERT INTO role_has_permissions VALUES("80","2");
INSERT INTO role_has_permissions VALUES("81","1");
INSERT INTO role_has_permissions VALUES("81","2");
INSERT INTO role_has_permissions VALUES("82","1");
INSERT INTO role_has_permissions VALUES("82","2");
INSERT INTO role_has_permissions VALUES("83","1");
INSERT INTO role_has_permissions VALUES("83","2");
INSERT INTO role_has_permissions VALUES("84","1");
INSERT INTO role_has_permissions VALUES("84","2");
INSERT INTO role_has_permissions VALUES("85","1");
INSERT INTO role_has_permissions VALUES("85","2");
INSERT INTO role_has_permissions VALUES("86","1");
INSERT INTO role_has_permissions VALUES("86","2");
INSERT INTO role_has_permissions VALUES("87","1");
INSERT INTO role_has_permissions VALUES("87","2");
INSERT INTO role_has_permissions VALUES("88","1");
INSERT INTO role_has_permissions VALUES("88","2");
INSERT INTO role_has_permissions VALUES("89","1");
INSERT INTO role_has_permissions VALUES("89","2");
INSERT INTO role_has_permissions VALUES("90","1");
INSERT INTO role_has_permissions VALUES("90","2");
INSERT INTO role_has_permissions VALUES("91","1");
INSERT INTO role_has_permissions VALUES("91","2");
INSERT INTO role_has_permissions VALUES("92","1");
INSERT INTO role_has_permissions VALUES("92","2");
INSERT INTO role_has_permissions VALUES("93","1");
INSERT INTO role_has_permissions VALUES("93","2");
INSERT INTO role_has_permissions VALUES("94","1");
INSERT INTO role_has_permissions VALUES("94","2");
INSERT INTO role_has_permissions VALUES("95","1");
INSERT INTO role_has_permissions VALUES("95","2");
INSERT INTO role_has_permissions VALUES("96","1");
INSERT INTO role_has_permissions VALUES("96","2");
INSERT INTO role_has_permissions VALUES("97","1");
INSERT INTO role_has_permissions VALUES("97","2");
INSERT INTO role_has_permissions VALUES("98","1");
INSERT INTO role_has_permissions VALUES("98","2");
INSERT INTO role_has_permissions VALUES("99","1");
INSERT INTO role_has_permissions VALUES("99","2");
INSERT INTO role_has_permissions VALUES("100","1");
INSERT INTO role_has_permissions VALUES("100","2");
INSERT INTO role_has_permissions VALUES("101","1");
INSERT INTO role_has_permissions VALUES("101","2");
INSERT INTO role_has_permissions VALUES("102","1");
INSERT INTO role_has_permissions VALUES("102","2");
INSERT INTO role_has_permissions VALUES("103","1");
INSERT INTO role_has_permissions VALUES("103","2");
INSERT INTO role_has_permissions VALUES("104","1");
INSERT INTO role_has_permissions VALUES("104","2");
INSERT INTO role_has_permissions VALUES("105","1");
INSERT INTO role_has_permissions VALUES("105","2");
INSERT INTO role_has_permissions VALUES("106","1");
INSERT INTO role_has_permissions VALUES("106","4");
INSERT INTO role_has_permissions VALUES("107","1");
INSERT INTO role_has_permissions VALUES("107","6");
INSERT INTO role_has_permissions VALUES("108","1");
INSERT INTO role_has_permissions VALUES("109","1");
INSERT INTO role_has_permissions VALUES("110","1");
INSERT INTO role_has_permissions VALUES("111","1");
INSERT INTO role_has_permissions VALUES("112","1");
INSERT INTO role_has_permissions VALUES("113","1");
INSERT INTO role_has_permissions VALUES("113","6");
INSERT INTO role_has_permissions VALUES("114","1");
INSERT INTO role_has_permissions VALUES("114","6");
INSERT INTO role_has_permissions VALUES("115","1");
INSERT INTO role_has_permissions VALUES("115","6");
INSERT INTO role_has_permissions VALUES("116","1");
INSERT INTO role_has_permissions VALUES("117","1");
INSERT INTO role_has_permissions VALUES("117","4");
INSERT INTO role_has_permissions VALUES("118","1");
INSERT INTO role_has_permissions VALUES("118","4");
INSERT INTO role_has_permissions VALUES("119","1");
INSERT INTO role_has_permissions VALUES("120","1");
INSERT INTO role_has_permissions VALUES("121","1");
INSERT INTO role_has_permissions VALUES("122","1");
INSERT INTO role_has_permissions VALUES("123","1");
INSERT INTO role_has_permissions VALUES("124","1");
INSERT INTO role_has_permissions VALUES("125","1");
INSERT INTO role_has_permissions VALUES("126","1");
INSERT INTO role_has_permissions VALUES("126","4");
INSERT INTO role_has_permissions VALUES("128","1");
INSERT INTO role_has_permissions VALUES("130","1");
INSERT INTO role_has_permissions VALUES("131","1");
INSERT INTO role_has_permissions VALUES("133","1");
INSERT INTO role_has_permissions VALUES("133","4");
INSERT INTO role_has_permissions VALUES("134","1");
INSERT INTO role_has_permissions VALUES("135","1");
INSERT INTO role_has_permissions VALUES("136","1");



CREATE TABLE `roles` (
  `id` int(10) unsigned NOT NULL AUTO_INCREMENT,
  `name` varchar(191) NOT NULL,
  `description` text DEFAULT NULL,
  `guard_name` varchar(191) DEFAULT NULL,
  `is_active` tinyint(1) NOT NULL,
  `created_at` timestamp NULL DEFAULT NULL,
  `updated_at` timestamp NULL DEFAULT NULL,
  PRIMARY KEY (`id`)
) ENGINE=InnoDB AUTO_INCREMENT=7 DEFAULT CHARSET=utf8mb4 COLLATE=utf8mb4_unicode_ci;

INSERT INTO roles VALUES("1","Admin","admin can access all data...","web","1","2018-06-02 02:46:44","2018-06-03 02:13:05");
INSERT INTO roles VALUES("2","Owner","Staff of shop","web","1","2018-10-22 05:38:13","2022-02-01 16:13:30");
INSERT INTO roles VALUES("4","staff","staff has specific acess...","web","1","2018-06-02 03:05:27","2022-02-01 16:13:04");
INSERT INTO roles VALUES("5","Customer","","web","1","2020-11-05 09:43:16","2020-11-15 03:24:15");
INSERT INTO roles VALUES("6","purchaser","purchaser can access only purchasing data","web","1","2023-01-31 16:32:32","2023-01-31 16:32:32");



CREATE TABLE `sales` (
  `id` int(10) unsigned NOT NULL AUTO_INCREMENT,
  `reference_no` varchar(191) NOT NULL,
  `user_id` int(11) NOT NULL,
  `cash_register_id` int(11) DEFAULT NULL,
  `customer_id` int(11) NOT NULL,
  `warehouse_id` int(11) NOT NULL,
  `biller_id` int(11) DEFAULT NULL,
  `item` int(11) NOT NULL,
  `total_qty` double NOT NULL,
  `returned_qty` double NOT NULL DEFAULT 0,
  `total_discount` double NOT NULL,
  `total_tax` double NOT NULL,
  `total_price` double NOT NULL,
  `grand_total` double NOT NULL,
  `order_tax_rate` double DEFAULT NULL,
  `order_tax` double DEFAULT NULL,
  `order_discount_type` varchar(191) DEFAULT NULL,
  `order_discount_value` double DEFAULT NULL,
  `order_discount` double DEFAULT NULL,
  `coupon_id` int(11) DEFAULT NULL,
  `coupon_discount` double DEFAULT NULL,
  `shipping_cost` double DEFAULT NULL,
  `sale_status` int(11) NOT NULL,
  `payment_status` int(11) NOT NULL,
  `document` varchar(191) DEFAULT NULL,
  `paid_amount` double DEFAULT NULL,
  `sale_note` text DEFAULT NULL,
  `staff_note` text DEFAULT NULL,
  `created_at` timestamp NULL DEFAULT NULL,
  `updated_at` timestamp NULL DEFAULT NULL,
  PRIMARY KEY (`id`)
) ENGINE=InnoDB AUTO_INCREMENT=284 DEFAULT CHARSET=utf8mb4 COLLATE=utf8mb4_unicode_ci;

INSERT INTO sales VALUES("172","sr-20230304-060517","9","","1","1","1","2","381","0","0","0","74370","74370","0","0","Flat","","0","","","","1","4","","74370","","","2023-03-04 18:05:17","2023-03-04 18:49:44");
INSERT INTO sales VALUES("174","sr-20230304-070329","9","","1","1","1","1","1","2","0","0","1040","1040","0","0","Flat","","0","","","","1","4","","1040","","","2023-03-04 19:03:29","2023-03-06 23:41:47");
INSERT INTO sales VALUES("175","posr-20230305-014905","1","3","1","1","1","2","263","263","0","0","255680","255680","0","0","Flat","","0","","","","1","4","","255680","","","2023-03-05 01:49:05","2023-03-06 23:18:22");
INSERT INTO sales VALUES("176","sr-20230305-020332","1","3","1","1","1","1","1000","1000","0","0","1010000","1010000","0","0","Flat","","0","","","","1","4","","1010000","","","2023-03-05 02:03:32","2023-03-07 00:13:10");
INSERT INTO sales VALUES("177","sr-20230305-020640","1","3","1","1","1","1","1000","1000","0","0","100000000","100000000","0","0","Flat","","0","","","","1","4","","100000000","","","2023-03-05 02:06:40","2023-03-07 00:23:38");
INSERT INTO sales VALUES("178","posr-20230306-055510","1","3","1","1","1","1","100","600","0","0","5800","5800","0","0","Flat","","0","","","","1","4","","5800","","","2023-03-06 17:55:10","2023-03-06 23:07:46");
INSERT INTO sales VALUES("179","posr-20230306-115214","1","3","1","1","1","1","1000","1000","0","0","50000","50000","0","0","Flat","","0","","","","1","4","","50000","","","2023-03-06 23:52:14","2023-03-06 23:53:50");
INSERT INTO sales VALUES("180","posr-20230307-120204","1","3","1","1","1","1","1000","0","0","0","50000","50000","0","0","Flat","","0","","","","1","4","","50000","","","2023-03-07 00:02:04","2023-03-07 00:02:04");
INSERT INTO sales VALUES("181","sr-20230308-012858","1","","1","1","1","3","28","0","250","868","9530","9530","0","0","","","","","","","1","2","","0","","","2023-03-08 13:28:58","2023-03-08 13:28:58");
INSERT INTO sales VALUES("182","sr-20230308-021204","1","","2","1","1","3","37","0","250","1030","10772","10772","0","0","","","","","","","1","2","","0","","","2023-03-08 14:12:04","2023-03-08 14:12:05");
INSERT INTO sales VALUES("183","posr-20230308-061853","1","3","3","1","1","1","1","0","0","0","58","58","0","0","Flat","","0","","","","1","2","","0","","","2023-03-08 18:18:53","2023-03-08 18:18:53");
INSERT INTO sales VALUES("184","posr-20230308-061950","1","3","3","1","1","1","1","0","0","0","58","58","0","0","Flat","","0","","","","1","4","","58","","","2023-03-08 18:19:50","2023-03-08 18:19:50");
INSERT INTO sales VALUES("185","posr-20230308-062117","1","3","3","1","1","1","11","0","0","0","638","638","0","0","Flat","","0","","","","1","4","","638","","","2023-03-08 18:21:17","2023-03-08 19:17:53");
INSERT INTO sales VALUES("186","posr-20230308-063335","1","3","3","1","1","1","1","0","0","0","58","58","0","0","Flat","","0","","","","1","2","","0","","","2023-03-08 18:33:35","2023-03-08 18:33:35");
INSERT INTO sales VALUES("187","posr-20230308-063500","1","3","3","1","1","1","6","0","0","0","348","3.48","0","0","Percentage","99","344.52","","","","1","2","","0","","","2023-03-08 18:35:00","2023-03-08 18:35:00");
INSERT INTO sales VALUES("188","posr-20230308-064026","1","3","3","1","1","1","100","0","0","0","5800","58","0","0","Percentage","99","5742","","","","1","4","","58","","","2023-03-08 18:40:26","2023-03-08 23:28:19");
INSERT INTO sales VALUES("189","posr-20230308-064410","1","3","3","1","1","1","100","0","0","0","5800","58","0","0","Percentage","99","5742","","","","1","4","","58","","","2023-03-08 18:44:10","2023-03-08 20:59:36");
INSERT INTO sales VALUES("190","posr-20230308-064814","1","3","3","1","1","1","10","0","0","0","580","290","0","0","Percentage","50","290","","","","1","4","","290","","","2023-03-08 18:48:14","2023-03-08 19:41:08");
INSERT INTO sales VALUES("191","posr-20230308-065030","1","3","3","1","1","1","10","0","0","0","580","580","0","0","Flat","","0","","","","1","4","","580","","","2023-03-08 18:50:30","2023-03-08 19:31:02");
INSERT INTO sales VALUES("192","posr-20230308-065538","1","3","3","1","1","1","1","0","0","0","58","58","0","0","Flat","","0","","","","1","4","","58","","","2023-03-08 18:55:38","2023-03-08 18:55:38");
INSERT INTO sales VALUES("193","posr-20230308-065605","1","3","3","1","1","1","1","0","0","0","58","58","0","0","Flat","","0","","","","1","4","","58","","","2023-03-08 18:56:05","2023-03-08 18:56:05");
INSERT INTO sales VALUES("194","posr-20230308-065659","1","3","3","1","1","1","1","0","0","0","58","58","0","0","Flat","","0","","","","1","4","","58","","","2023-03-08 18:56:59","2023-03-08 18:56:59");
INSERT INTO sales VALUES("195","posr-20230308-070314","1","3","3","1","1","1","1","0","0","0","58","58","0","0","Flat","","0","","","","1","4","","58","","","2023-03-08 19:03:14","2023-03-08 19:03:14");
INSERT INTO sales VALUES("196","posr-20230308-074341","1","3","3","1","1","1","1","0","0","0","58","58","0","0","Flat","","0","","","","1","4","","58","","","2023-03-08 19:43:41","2023-03-08 19:43:41");
INSERT INTO sales VALUES("197","posr-20230308-074555","1","3","3","1","1","1","1","0","0","0","58","58","0","0","Flat","","0","","","","1","4","","58","","","2023-03-08 19:45:55","2023-03-08 19:45:55");
INSERT INTO sales VALUES("198","posr-20230308-074617","1","3","3","1","1","1","1","0","0","0","58","58","0","0","Flat","","0","","","","1","4","","58","","","2023-03-08 19:46:17","2023-03-08 19:46:17");
INSERT INTO sales VALUES("199","posr-20230308-074821","1","3","3","1","1","1","1","0","0","0","58","58","0","0","Flat","","0","","","","1","4","","58","","","2023-03-08 19:48:21","2023-03-08 19:48:21");
INSERT INTO sales VALUES("200","posr-20230308-075458","1","3","3","1","1","1","2","0","0","0","116","116","0","0","Flat","","0","","","","1","4","","116","","","2023-03-08 19:54:58","2023-03-08 19:54:58");
INSERT INTO sales VALUES("201","posr-20230308-075852","1","3","3","1","1","1","2","0","0","0","116","116","0","0","Flat","","0","","","","1","4","","116","","","2023-03-08 19:58:52","2023-03-08 19:58:52");
INSERT INTO sales VALUES("202","posr-20230308-075935","1","3","3","1","1","1","2","0","0","0","116","116","0","0","Flat","","0","","","","1","4","","116","","","2023-03-08 19:59:35","2023-03-08 19:59:35");
INSERT INTO sales VALUES("203","posr-20230308-080244","1","3","3","1","1","1","2","0","0","0","116","116","0","0","Flat","","0","","","","1","4","","116","","","2023-03-08 20:02:44","2023-03-08 20:02:44");
INSERT INTO sales VALUES("204","posr-20230308-081144","1","3","3","1","1","1","2","0","0","0","116","116","0","0","Flat","","0","","","","1","4","","116","","","2023-03-08 20:11:44","2023-03-08 20:11:44");
INSERT INTO sales VALUES("205","posr-20230308-081247","1","3","3","1","1","1","2","0","0","0","116","116","0","0","Flat","","0","","","","1","4","","116","","","2023-03-08 20:12:47","2023-03-08 20:12:47");
INSERT INTO sales VALUES("206","posr-20230308-081435","1","3","3","1","1","1","2","0","0","0","116","116","0","0","Flat","","0","","","","1","4","","116","","","2023-03-08 20:14:35","2023-03-08 20:14:35");
INSERT INTO sales VALUES("207","posr-20230308-081503","1","3","3","1","1","1","2","0","0","0","116","116","0","0","Flat","","0","","","","1","4","","116","","","2023-03-08 20:15:03","2023-03-08 20:15:03");
INSERT INTO sales VALUES("208","posr-20230308-081614","1","3","3","1","1","1","2","0","0","0","116","116","0","0","Flat","","0","","","","1","4","","116","","","2023-03-08 20:16:14","2023-03-08 20:16:14");
INSERT INTO sales VALUES("209","posr-20230308-081700","1","3","3","1","1","1","2","0","0","0","116","116","0","0","Flat","","0","","","","1","4","","116","","","2023-03-08 20:17:00","2023-03-08 20:17:00");
INSERT INTO sales VALUES("210","posr-20230308-081726","1","3","3","1","1","1","2","0","0","0","116","116","0","0","Flat","","0","","","","1","4","","116","","","2023-03-08 20:17:26","2023-03-08 20:17:26");
INSERT INTO sales VALUES("211","posr-20230308-082032","1","3","3","1","1","1","2","0","0","0","116","116","0","0","Flat","","0","","","","1","4","","116","","","2023-03-08 20:20:32","2023-03-08 20:20:32");
INSERT INTO sales VALUES("212","posr-20230308-082100","1","3","3","1","1","1","2","0","0","0","116","116","0","0","Flat","","0","","","","1","4","","116","","","2023-03-08 20:21:00","2023-03-08 20:21:00");
INSERT INTO sales VALUES("213","posr-20230308-082358","1","3","3","1","1","1","2","0","0","0","116","116","0","0","Flat","","0","","","","1","4","","116","","","2023-03-08 20:23:58","2023-03-08 20:23:58");
INSERT INTO sales VALUES("214","posr-20230308-082523","1","3","3","1","1","1","2","0","0","0","116","116","0","0","Flat","","0","","","","1","4","","116","","","2023-03-08 20:25:23","2023-03-08 20:25:23");
INSERT INTO sales VALUES("215","posr-20230308-082750","1","3","3","1","1","1","2","0","0","0","116","116","0","0","Flat","","0","","","","1","4","","116","","","2023-03-08 20:27:50","2023-03-08 20:27:50");
INSERT INTO sales VALUES("216","posr-20230308-082909","1","3","3","1","1","1","2","0","0","0","116","116","0","0","Flat","","0","","","","1","4","","116","","","2023-03-08 20:29:09","2023-03-08 20:29:09");
INSERT INTO sales VALUES("217","posr-20230308-090035","1","3","3","1","1","1","1","0","0","0","58","58","0","0","Flat","","0","","","","1","4","","58","","","2023-03-08 21:00:35","2023-03-08 21:01:17");
INSERT INTO sales VALUES("218","sr-20230308-101314","1","3","3","1","1","1","1","0","0","0","1040","1040","0","0","Flat","","0","","","","1","4","","1040","","","2023-03-08 22:13:14","2023-03-08 22:23:28");
INSERT INTO sales VALUES("221","posr-20230309-124932","1","3","3","1","1","1","1","0","0","0","58","58","0","0","Flat","","0","","","","1","4","","58","","","2023-03-09 00:49:32","2023-03-09 00:49:32");
INSERT INTO sales VALUES("222","posr-20230309-124955","1","3","3","1","1","1","1","0","0","0","58","58","0","0","Flat","","0","","","","1","4","","58","","","2023-03-09 00:49:55","2023-03-09 00:49:55");
INSERT INTO sales VALUES("223","posr-20230309-013805","1","3","3","1","1","1","1","0","0","0","58","58","0","0","Flat","","0","","","","1","4","","58","","","2023-03-09 01:38:05","2023-03-09 01:38:05");
INSERT INTO sales VALUES("224","posr-20230309-014039","1","3","3","1","1","1","1","0","0","0","58","58","0","0","Flat","","0","","","","1","4","","58","","","2023-03-09 01:40:39","2023-03-09 01:40:39");
INSERT INTO sales VALUES("225","posr-20230309-021126","1","3","3","1","1","1","1","0","0","0","58","58","","0","Flat","","0","","","","1","4","","58","","","2023-03-09 02:11:26","2023-03-09 02:11:26");
INSERT INTO sales VALUES("226","posr-20230309-021356","1","3","3","1","1","1","1","0","0","0","58","58","","0","Flat","","0","","","","1","4","","58","","","2023-03-09 02:13:56","2023-03-09 02:13:56");
INSERT INTO sales VALUES("227","posr-20230309-021444","1","3","3","1","1","1","2","0","0","0","116","116","","0","Flat","","0","","","","1","4","","116","","","2023-03-09 02:14:44","2023-03-09 02:14:44");
INSERT INTO sales VALUES("228","posr-20230309-021734","1","3","3","1","1","1","3","0","0","0","174","174","","0","Flat","","0","","","","1","4","","174","","","2023-03-09 02:17:34","2023-03-09 02:17:34");
INSERT INTO sales VALUES("229","posr-20230309-021816","1","3","3","1","1","1","3","0","0","0","174","174","","0","Flat","","0","","","","1","4","","174","","","2023-03-09 02:18:16","2023-03-09 02:18:16");
INSERT INTO sales VALUES("230","posr-20230309-021845","1","3","3","1","1","1","4","0","0","0","232","232","","0","Flat","","0","","","","1","4","","232","","","2023-03-09 02:18:45","2023-03-09 02:18:45");
INSERT INTO sales VALUES("231","posr-20230309-021957","1","3","3","1","1","1","4","0","0","0","232","232","","0","Flat","","0","","","","1","4","","232","","","2023-03-09 02:19:57","2023-03-09 02:19:57");
INSERT INTO sales VALUES("232","posr-20230309-022033","1","3","3","1","1","1","1","0","0","0","58","58","","0","Flat","","0","","","","1","4","","58","","","2023-03-09 02:20:33","2023-03-09 02:20:33");
INSERT INTO sales VALUES("233","posr-20230309-022244","1","3","3","1","1","1","1","0","0","0","58","58","","0","Flat","","0","","","","1","4","","58","","","2023-03-09 02:22:44","2023-03-09 02:22:44");
INSERT INTO sales VALUES("234","posr-20230309-024148","1","3","3","1","1","2","2","0","0","0","113","113","","0","Flat","","0","","","","1","4","","113","","","2023-03-09 02:41:48","2023-03-09 02:41:48");
INSERT INTO sales VALUES("235","posr-20230309-024218","1","3","3","1","1","2","2","0","0","0","113","113","","0","Flat","","0","","","","1","4","","113","","","2023-03-09 02:42:18","2023-03-09 02:42:18");
INSERT INTO sales VALUES("236","posr-20230309-024237","1","3","3","1","1","2","2","0","0","0","113","113","","0","Flat","","0","","","","1","4","","113","","","2023-03-09 02:42:37","2023-03-09 02:42:37");
INSERT INTO sales VALUES("237","posr-20230309-024447","1","3","3","1","1","2","2","0","0","0","113","113","","0","Flat","","0","","","","1","4","","113","","","2023-03-09 02:44:47","2023-03-09 02:44:47");
INSERT INTO sales VALUES("238","posr-20230309-024509","1","3","3","1","1","2","2","0","0","0","113","113","","0","Flat","","0","","","","1","4","","113","","","2023-03-09 02:45:09","2023-03-09 02:45:09");
INSERT INTO sales VALUES("239","posr-20230309-024538","1","3","3","1","1","2","2","0","0","0","113","113","","0","Flat","","0","","","","1","4","","113","","","2023-03-09 02:45:38","2023-03-09 02:45:38");
INSERT INTO sales VALUES("240","posr-20230309-024606","1","3","3","1","1","2","2","0","0","0","113","113","","0","Flat","","0","","","","1","4","","113","","","2023-03-09 02:46:06","2023-03-09 02:46:06");
INSERT INTO sales VALUES("241","posr-20230309-024628","1","3","3","1","1","2","2","0","0","0","113","113","","0","Flat","","0","","","","1","4","","113","","","2023-03-09 02:46:28","2023-03-09 02:46:28");
INSERT INTO sales VALUES("242","posr-20230309-024821","1","3","3","1","1","2","2","0","0","0","113","113","","0","Flat","","0","","","","1","4","","113","","","2023-03-09 02:48:21","2023-03-09 02:48:21");
INSERT INTO sales VALUES("243","posr-20230309-025002","1","3","3","1","1","2","3","0","0","0","171","171","0","0","Flat","","0","","","","1","4","","171","","","2023-03-09 02:50:02","2023-03-09 02:50:02");
INSERT INTO sales VALUES("244","posr-20230309-025133","1","3","3","1","1","2","3","0","0","0","171","171","0","0","Flat","","0","","","","1","4","","171","","","2023-03-09 02:51:33","2023-03-09 02:51:33");
INSERT INTO sales VALUES("245","posr-20230309-025159","1","3","3","1","1","2","3","0","0","0","171","171","0","0","Flat","","0","","","","1","4","","171","","","2023-03-09 02:51:59","2023-03-09 02:51:59");
INSERT INTO sales VALUES("246","posr-20230309-025253","1","3","3","1","1","2","3","0","0","0","171","171","0","0","Flat","","0","","","","1","4","","171","","","2023-03-09 02:52:53","2023-03-09 02:52:53");
INSERT INTO sales VALUES("247","posr-20230309-025500","1","3","3","1","1","2","3","0","0","0","171","171","0","0","Flat","","0","","","","1","4","","171","","","2023-03-09 02:55:00","2023-03-09 02:55:00");
INSERT INTO sales VALUES("248","posr-20230309-100029","1","3","3","1","1","2","3","0","0","0","171","171","0","0","Flat","","0","","","","1","4","","171","","","2023-03-09 10:00:29","2023-03-09 10:00:29");
INSERT INTO sales VALUES("249","posr-20230309-100148","1","3","3","1","1","2","3","0","0","0","171","171","0","0","Flat","","0","","","","1","4","","171","","","2023-03-09 10:01:48","2023-03-09 10:01:48");
INSERT INTO sales VALUES("250","posr-20230309-101054","1","3","3","1","1","2","3","0","0","0","171","171","0","0","Flat","","0","","","","1","4","","171","","","2023-03-09 10:10:54","2023-03-09 10:10:54");
INSERT INTO sales VALUES("251","posr-20230309-101112","1","3","3","1","1","2","3","0","0","0","171","171","0","0","Flat","","0","","","","1","4","","171","","","2023-03-09 10:11:12","2023-03-09 10:11:12");
INSERT INTO sales VALUES("252","posr-20230309-101424","1","3","3","1","1","1","1","0","0","0","58","58","0","0","Flat","","0","","","","1","4","","58","","","2023-03-09 10:14:24","2023-03-09 10:14:24");
INSERT INTO sales VALUES("253","posr-20230309-102038","1","3","3","1","1","1","1","0","0","0","58","58","0","0","Flat","","0","","","","1","2","","30","","","2023-03-09 10:20:38","2023-03-09 11:46:17");
INSERT INTO sales VALUES("254","posr-20230309-110335","1","3","3","1","1","1","2","0","0","0","116","116","0","0","Flat","","0","","","","1","2","","50","","","2023-03-09 11:03:35","2023-03-09 11:37:55");
INSERT INTO sales VALUES("255","posr-20230309-111113","1","3","3","1","1","1","1","0","0","0","58","58","0","0","Flat","","0","","","","1","2","","-192","","","2023-03-09 11:11:13","2023-03-09 11:36:12");
INSERT INTO sales VALUES("256","sr-20230310-012058","1","","3","1","1","0","0","0","0","0","0","0","0","0","","","","","","","1","2","","0","","","2023-03-10 13:20:58","2023-03-10 13:20:58");
INSERT INTO sales VALUES("257","sr-20230310-012221","1","","1","1","1","0","0","0","0","0","0","0","0","0","","","","","","","1","2","","0","","","2023-03-10 13:22:21","2023-03-10 13:22:21");
INSERT INTO sales VALUES("258","sr-20230310-012343","1","","3","1","1","0","0","0","0","0","0","0","0","0","","","","","","","1","2","","0","","","2023-03-10 13:23:43","2023-03-10 13:23:43");
INSERT INTO sales VALUES("259","sr-20230310-014532","1","","3","1","1","3","5","0","20","0","30","30","0","0","","","","","","","1","4","","30","","","2023-03-10 13:45:32","2023-03-11 06:39:15");
INSERT INTO sales VALUES("260","sr-20230310-021534","1","","3","3","1","0","0","0","0","0","0","0","0","0","","","","","","","1","2","","0","","","2023-03-10 14:15:34","2023-03-10 14:15:34");
INSERT INTO sales VALUES("261","sr-20230310-021849","1","","3","1","1","0","0","0","0","0","0","0","0","0","","","","","","","1","2","","0","","","2023-03-10 14:18:49","2023-03-10 14:18:49");
INSERT INTO sales VALUES("262","sr-20230310-023704","1","","3","3","1","0","0","0","0","0","0","0","0","0","","","","","","","1","2","","0","","","2023-03-10 14:37:04","2023-03-10 14:37:04");
INSERT INTO sales VALUES("263","sr-20230310-024049","1","","3","1","1","3","5","0","20","0","30","30","0","0","","","","","","","1","2","","15","","","2023-03-10 14:40:49","2023-03-11 06:40:59");
INSERT INTO sales VALUES("264","sr-20230310-024828","1","","1","1","1","3","5","0","20","0","30","30","0","0","","","","","","","1","4","","30","","","2023-03-10 14:48:28","2023-03-10 23:10:40");
INSERT INTO sales VALUES("265","sr-20230310-025012","1","","3","3","1","0","0","0","0","0","0","0","0","0","","","","","","","1","2","","0","","","2023-03-10 14:50:12","2023-03-10 14:50:12");
INSERT INTO sales VALUES("266","sr-20230310-025055","1","","1","1","1","15","25","0","100","0","150","150","0","0","","","","","","","1","4","","150","","","2023-03-10 14:50:55","2023-03-10 15:06:23");
INSERT INTO sales VALUES("267","sr-20230310-110605","1","","3","1","1","1","2","0","20","0","0","0","0","0","","","","","","","1","4","","0","","","2023-03-10 23:06:05","2023-03-10 23:09:55");
INSERT INTO sales VALUES("268","sr-20230311-064541","1","","1","1","1","1","20","0","200","0","960","960","0","0","Flat","","0","","","0","1","2","","0","","","2023-03-11 00:00:00","2023-03-11 06:47:36");
INSERT INTO sales VALUES("269","sr-20230311-065252","1","3","3","1","1","1","5","0","0","0","75","125","0","0","Flat","","0","","","50","1","4","","125","","","2023-03-11 06:52:52","2023-03-11 06:55:34");
INSERT INTO sales VALUES("270","posr-20230311-070502","1","3","3","1","1","1","50","0","0","0","550","550","0","0","Flat","","0","","","","1","4","","550","","","2023-03-11 07:05:02","2023-03-11 07:05:02");



CREATE TABLE `share_transactions` (
  `id` int(10) unsigned NOT NULL AUTO_INCREMENT,
  `date` date NOT NULL,
  `shareholder_id` bigint(20) unsigned NOT NULL,
  `shares_bought` int(11) NOT NULL DEFAULT 0,
  `shares_sold` int(11) NOT NULL DEFAULT 0,
  `price_per_share` double(8,2) NOT NULL,
  `created_at` timestamp NULL DEFAULT NULL,
  `updated_at` timestamp NULL DEFAULT NULL,
  PRIMARY KEY (`id`)
) ENGINE=InnoDB DEFAULT CHARSET=utf8mb4 COLLATE=utf8mb4_unicode_ci;




CREATE TABLE `shareholders` (
  `id` int(10) unsigned NOT NULL AUTO_INCREMENT,
  `firist_name` varchar(191) NOT NULL,
  `last_name` varchar(191) NOT NULL,
  `address` varchar(191) NOT NULL,
  `phone_number` varchar(191) NOT NULL,
  `bank_name` varchar(191) NOT NULL,
  `bank_account` varchar(191) NOT NULL,
  `number_of_shares` int(11) NOT NULL,
  `created_at` timestamp NULL DEFAULT NULL,
  `updated_at` timestamp NULL DEFAULT NULL,
  PRIMARY KEY (`id`)
) ENGINE=InnoDB AUTO_INCREMENT=2 DEFAULT CHARSET=utf8mb4 COLLATE=utf8mb4_unicode_ci;

INSERT INTO shareholders VALUES("1","Abebe","Gebru","Addis Ababa","+251910994922","CBE","1000060405078","10","","");



CREATE TABLE `shares` (
  `id` int(10) unsigned NOT NULL AUTO_INCREMENT,
  `share_price` double(8,2) NOT NULL,
  `created_at` timestamp NULL DEFAULT NULL,
  `updated_at` timestamp NULL DEFAULT NULL,
  PRIMARY KEY (`id`)
) ENGINE=InnoDB DEFAULT CHARSET=utf8mb4 COLLATE=utf8mb4_unicode_ci;




CREATE TABLE `stock_counts` (
  `id` int(10) unsigned NOT NULL AUTO_INCREMENT,
  `reference_no` varchar(191) NOT NULL,
  `warehouse_id` int(11) NOT NULL,
  `category_id` varchar(191) DEFAULT NULL,
  `brand_id` varchar(191) DEFAULT NULL,
  `user_id` int(11) NOT NULL,
  `type` varchar(191) NOT NULL,
  `initial_file` varchar(191) DEFAULT NULL,
  `final_file` varchar(191) DEFAULT NULL,
  `note` text DEFAULT NULL,
  `is_adjusted` tinyint(1) NOT NULL,
  `created_at` timestamp NULL DEFAULT NULL,
  `updated_at` timestamp NULL DEFAULT NULL,
  PRIMARY KEY (`id`)
) ENGINE=InnoDB AUTO_INCREMENT=4 DEFAULT CHARSET=utf8mb4 COLLATE=utf8mb4_unicode_ci;

INSERT INTO stock_counts VALUES("3","scr-20230307-073841","1","","","1","full","20230307-073841.csv","","","0","2023-03-07 07:38:41","2023-03-07 07:38:41");



CREATE TABLE `suppliers` (
  `id` int(10) unsigned NOT NULL AUTO_INCREMENT,
  `name` varchar(191) NOT NULL,
  `image` varchar(191) DEFAULT NULL,
  `company_name` varchar(191) NOT NULL,
  `vat_number` varchar(191) DEFAULT NULL,
  `email` varchar(191) NOT NULL,
  `phone_number` varchar(191) NOT NULL,
  `address` varchar(191) NOT NULL,
  `city` varchar(191) NOT NULL,
  `state` varchar(191) DEFAULT NULL,
  `postal_code` varchar(191) DEFAULT NULL,
  `country` varchar(191) DEFAULT NULL,
  `is_active` tinyint(1) DEFAULT NULL,
  `created_at` timestamp NULL DEFAULT NULL,
  `updated_at` timestamp NULL DEFAULT NULL,
  PRIMARY KEY (`id`)
) ENGINE=InnoDB AUTO_INCREMENT=2 DEFAULT CHARSET=utf8mb4 COLLATE=utf8mb4_unicode_ci;

INSERT INTO suppliers VALUES("1","Yohannis","","Teklebrihan whole sale Company","1000007856478","Teklebrihan@gmail.com","+3214569874567777","03","Butajira","SNNPR","1000","Ethiopia","1","2023-03-07 15:25:12","2023-03-07 15:25:12");



CREATE TABLE `taxes` (
  `id` int(10) unsigned NOT NULL AUTO_INCREMENT,
  `name` varchar(191) NOT NULL,
  `rate` double NOT NULL,
  `is_active` tinyint(1) DEFAULT NULL,
  `created_at` timestamp NULL DEFAULT NULL,
  `updated_at` timestamp NULL DEFAULT NULL,
  PRIMARY KEY (`id`)
) ENGINE=InnoDB AUTO_INCREMENT=6 DEFAULT CHARSET=utf8mb4 COLLATE=utf8mb4_unicode_ci;

INSERT INTO taxes VALUES("1","vat@10","10","1","2018-05-12 09:58:30","2019-03-02 11:46:10");
INSERT INTO taxes VALUES("2","vat@15","15","1","2018-05-12 09:58:43","2018-05-27 23:35:05");
INSERT INTO taxes VALUES("3","test","6","0","2018-05-27 23:32:54","2018-05-27 23:34:44");
INSERT INTO taxes VALUES("4","vat 20","20","1","2018-09-01 00:58:57","2018-09-01 00:58:57");
INSERT INTO taxes VALUES("5","no tax","0","1","2023-01-31 15:06:09","2023-01-31 15:06:09");



CREATE TABLE `transfer_purchases` (
  `id` int(10) unsigned NOT NULL AUTO_INCREMENT,
  `reference_no` varchar(191) NOT NULL,
  `to_warehouse_id` int(11) DEFAULT NULL,
  `warehouse_id` int(11) NOT NULL,
  `user_id` int(11) NOT NULL,
  `purchase_id` int(11) DEFAULT NULL,
  `account_id` int(11) NOT NULL,
  `item` int(11) NOT NULL,
  `total_qty` double NOT NULL,
  `total_discount` double NOT NULL,
  `total_tax` double NOT NULL,
  `total_cost` double NOT NULL,
  `order_tax_rate` double DEFAULT NULL,
  `order_tax` double DEFAULT NULL,
  `grand_total` double NOT NULL,
  `document` varchar(191) DEFAULT NULL,
  `return_note` text DEFAULT NULL,
  `staff_note` text DEFAULT NULL,
  `created_at` timestamp NULL DEFAULT NULL,
  `updated_at` timestamp NULL DEFAULT NULL,
  PRIMARY KEY (`id`)
) ENGINE=InnoDB AUTO_INCREMENT=105 DEFAULT CHARSET=utf8mb4 COLLATE=utf8mb4_unicode_ci;

INSERT INTO transfer_purchases VALUES("101","prr-20230304-060312","1","3","1","113","6","2","444","0","0","227328","0","0","227328","","","","2023-03-04 18:03:12","2023-03-04 18:03:12");
INSERT INTO transfer_purchases VALUES("102","prr-20230305-020145","1","3","1","114","6","1","1000","0","0","10000","0","0","10000","","","","2023-03-05 02:01:45","2023-03-05 02:01:45");
INSERT INTO transfer_purchases VALUES("103","transfered-wpr-20230306-060233-on-2023-03-06 18:03:25","1","3","1","115","6","1","14","0","0","630","0","0","630","","","","2023-03-06 18:03:25","2023-03-06 18:03:25");
INSERT INTO transfer_purchases VALUES("104","transfered-wpr-20230311-010612-on-2023-03-11 13:06:40","1","3","1","118","6","1","1","0","0","14","0","0","14","","","","2023-03-11 13:06:40","2023-03-11 13:06:40");



CREATE TABLE `transfers` (
  `id` int(10) unsigned NOT NULL AUTO_INCREMENT,
  `reference_no` varchar(191) NOT NULL,
  `user_id` int(11) NOT NULL,
  `status` int(11) NOT NULL,
  `from_warehouse_id` int(11) NOT NULL,
  `to_warehouse_id` int(11) NOT NULL,
  `item` int(11) NOT NULL,
  `total_qty` double NOT NULL,
  `total_tax` double NOT NULL,
  `total_cost` double NOT NULL,
  `shipping_cost` double DEFAULT NULL,
  `grand_total` double NOT NULL,
  `document` varchar(191) DEFAULT NULL,
  `note` text DEFAULT NULL,
  `created_at` timestamp NULL DEFAULT NULL,
  `updated_at` timestamp NULL DEFAULT NULL,
  PRIMARY KEY (`id`)
) ENGINE=InnoDB AUTO_INCREMENT=4 DEFAULT CHARSET=utf8mb4 COLLATE=utf8mb4_unicode_ci;




CREATE TABLE `units` (
  `id` int(10) unsigned NOT NULL AUTO_INCREMENT,
  `unit_code` varchar(191) NOT NULL,
  `unit_name` varchar(191) NOT NULL,
  `base_unit` int(11) DEFAULT NULL,
  `operator` varchar(191) DEFAULT NULL,
  `operation_value` double DEFAULT NULL,
  `is_active` tinyint(1) DEFAULT NULL,
  `created_at` timestamp NULL DEFAULT NULL,
  `updated_at` timestamp NULL DEFAULT NULL,
  PRIMARY KEY (`id`)
) ENGINE=InnoDB AUTO_INCREMENT=13 DEFAULT CHARSET=utf8mb4 COLLATE=utf8mb4_unicode_ci;

INSERT INTO units VALUES("1","pc","Piece","","*","1","1","2018-05-12 02:27:46","2018-08-17 21:41:53");
INSERT INTO units VALUES("2","dozen","dozen box","1","*","12","1","2018-05-12 09:57:05","2022-10-19 05:33:46");
INSERT INTO units VALUES("3","cartoon","cartoon box","1","*","24","1","2018-05-12 09:57:45","2022-11-24 10:29:30");
INSERT INTO units VALUES("4","m","meter","","*","1","1","2018-05-12 09:58:07","2018-05-27 23:20:57");
INSERT INTO units VALUES("6","test","test","","*","1","0","2018-05-27 23:20:20","2018-05-27 23:20:25");
INSERT INTO units VALUES("7","kg","kilogram","","*","1","1","2018-06-25 00:49:26","2018-06-25 00:49:26");
INSERT INTO units VALUES("8","20","ni33","8","*","1","0","2018-07-31 22:35:51","2018-07-31 22:40:54");
INSERT INTO units VALUES("9","gm","gram","7","/","1000","1","2018-09-01 00:06:28","2018-09-01 00:06:28");
INSERT INTO units VALUES("10","gz","goz","","*","1","0","2018-11-29 03:40:29","2019-03-02 11:53:29");
INSERT INTO units VALUES("11","inch","Inch","","*","1","1","2022-06-07 10:42:40","2022-06-07 10:42:40");
INSERT INTO units VALUES("12","qtl","Quintal","7","*","100","1","2022-10-15 15:42:19","2023-01-31 13:07:48");



CREATE TABLE `users` (
  `id` int(10) unsigned NOT NULL AUTO_INCREMENT,
  `name` varchar(191) NOT NULL,
  `email` varchar(191) NOT NULL,
  `password` varchar(191) NOT NULL,
  `remember_token` varchar(100) DEFAULT NULL,
  `phone` varchar(191) NOT NULL,
  `company_name` varchar(191) DEFAULT NULL,
  `role_id` int(11) NOT NULL,
  `biller_id` int(11) DEFAULT NULL,
  `warehouse_id` int(11) DEFAULT NULL,
  `is_active` tinyint(1) NOT NULL,
  `is_deleted` tinyint(1) NOT NULL,
  `created_at` timestamp NULL DEFAULT NULL,
  `updated_at` timestamp NULL DEFAULT NULL,
  PRIMARY KEY (`id`)
) ENGINE=InnoDB AUTO_INCREMENT=48 DEFAULT CHARSET=utf8mb4 COLLATE=utf8mb4_unicode_ci;

INSERT INTO users VALUES("1","admin","admin@gmail.com","$2y$10$0sQ/CyCdR.iHhmhgGoNYVORBnkfQ7hCKrLdtf0Rj8afv3GJJc1pKS","4hKFGOAbYUGAD97zywyTtfKSurFltQQvi3Czkq9b86bi39n1wYTAnj5uKGHz","12112","Abreham Gebremedin","1","","","1","0","2018-06-02 06:24:15","2023-01-31 16:46:53");
INSERT INTO users VALUES("3","dhiman da","dhiman@gmail.com","$2y$10$Fef6vu5E67nm11hX7V5a2u1ThNCQ6n9DRCvRF9TD7stk.Pmt2R6O.","5ehQM6JIfiQfROgTbB5let0Z93vjLHS7rd9QD5RPNgOxli3xdo7fykU7vtTt","212","lioncoders","1","","","1","1","2018-06-14 01:00:31","2020-11-05 10:06:51");
INSERT INTO users VALUES("6","test","test@gmail.com","$2y$10$TDAeHcVqHyCmurki0wjLZeIl1SngKX3WLOhyTiCoZG3souQfqv.LS","KpW1gYYlOFacumklO2IcRfSsbC3KcWUZzOI37gqoqM388Xie6KdhaOHIFEYm","1234","212312","4","","","0","1","2018-06-23 06:05:33","2018-06-23 06:13:45");
INSERT INTO users VALUES("8","test","test@yahoo.com","$2y$10$hlMigidZV0j2/IPkgE/xsOSb8WM2IRlsMv.1hg1NM7kfyd6bGX3hC","","31231","Agelgil","4","","","0","1","2018-06-25 01:35:49","2018-07-02 04:07:39");
INSERT INTO users VALUES("9","staff","anda@gmail.com","$2y$10$kxDbnynB6mB1e1w3pmtbSOlSxy/WwbLPY5TJpMi0Opao5ezfuQjQm","oavwZpAgYxbCKwyGxXPfodptPo32EoT6itIN6nJn2DTDJ8XF7iBKQeKLG963","3123","Agelgil","4","1","1","1","0","2018-07-02 04:08:08","2018-10-24 00:41:13");
INSERT INTO users VALUES("10","abul","abul@alpha.com","$2y$10$5zgB2OOMyNBNVAd.QOQIju5a9fhNnTqPx5H6s4oFlXhNiF6kXEsPq","x7HlttI5bM0vSKViqATaowHFJkLS3PHwfvl7iJdFl5Z1SsyUgWCVbLSgAoi0","1234","anda","1","1","1","0","0","2018-09-08 02:44:48","2018-09-08 02:44:48");
INSERT INTO users VALUES("11","teststaff","a@a.com","$2y$10$5KNBIIhZzvvZEQEhkHaZGu.Q8bbQNfqYvYgL5N55B8Pb4P5P/b/Li","DkHDEcCA0QLfsKPkUK0ckL0CPM6dPiJytNa0k952gyTbeAyMthW3vi7IRitp","111","aa","4","5","1","0","1","2018-10-22 05:47:56","2018-10-23 05:10:56");
INSERT INTO users VALUES("12","john","john@gmail.com","$2y$10$P/pN2J/uyTYNzQy2kRqWwuSv7P2f6GE/ykBwtHdda7yci3XsfOKWe","O0f1WJBVjT5eKYl3Js5l1ixMMtoU6kqrH7hbHDx9I1UCcD9CmiSmCBzHbQZg","10001","Agelgil","4","2","2","0","1","2018-12-30 03:48:37","2019-03-06 07:59:49");
INSERT INTO users VALUES("13","jjj","test@test.com","$2y$10$/Qx3gHWYWUhlF1aPfzXaCeZA7fRzfSEyCIOnk/dcC4ejO8PsoaalG","","1213","Agelgil","1","","","0","1","2019-01-03 03:08:31","2019-03-03 07:02:29");
INSERT INTO users VALUES("19","shakalaka","shakalaka@gmail.com","$2y$10$ketLWT0Ib/JXpo00eJlxoeSw.7leS8V1CUGInfbyOWT4F5.Xuo7S2","","1212","Digital image","5","","","1","0","2020-11-09 03:07:16","2020-11-09 03:07:16");
INSERT INTO users VALUES("21","modon","modon@gmail.com","$2y$10$7VpoeGMkP8QCvL5zLwFW..6MYJ5MRumDLDoX.TTQtClS561rpFHY.","","2222","modon company","5","","","1","0","2020-11-13 10:12:08","2020-11-13 10:12:08");
INSERT INTO users VALUES("22","dhiman","dhiman@gmail.com","$2y$10$3mPygsC6wwnDtw/Sg85IpuExtUhgaHx52Lwp7Rz0.FNfuFdfKVpRq","","+8801111111101","lioncoders","5","","","1","0","2020-11-15 09:14:58","2020-11-15 09:14:58");
INSERT INTO users VALUES("31","mbs","mbs@gmail.com","$2y$10$6Ldm1rWEVSrlTmpjIXkeQO9KwWJz/j0FB4U.fY1oCFeax47rvttEK","","2121","Agelgil","4","1","2","0","1","2021-12-29 09:40:22","2023-02-03 12:58:28");
INSERT INTO users VALUES("39","maja","maja@maja.com","$2y$10$lrMVhNDE9AuKhFrJIgG2y.zdtrCltR8/JB1okO0W8GsUcMjSFW7rW","","444555","Agelgil","4","5","2","0","1","2022-09-14 07:37:21","2023-01-15 10:19:49");
INSERT INTO users VALUES("42","abebe","abebe@gmail.com","$2y$10$2y1.px5HnfdH2H98Pw62m.VXSJceha.3Mv5JC/56orM2BBnl2LTTS","","+251970493518","Agelgil","4","1","1","1","0","2023-01-31 16:28:29","2023-01-31 16:28:29");
INSERT INTO users VALUES("43","purchaser","purchaser@purchaser.com","$2y$10$GGAQD6Y8cmQ9qTIqf0orA.XJsJ8NvMS8jZMj7cRJNEHvmIy7QllZK","","+251970493518","Agelgil","6","8","1","1","0","2023-01-31 16:36:43","2023-01-31 16:36:43");
INSERT INTO users VALUES("44","Kebede","kebede@admin.com","$2y$10$cUylis1cnCWRrTgGOd3q.utD70m69Bck7GI1q.sAH38tqhLG0t3GS","","+2519704935184567","Goah share company","2","","","1","0","2023-02-03 11:57:16","2023-02-03 11:58:59");
INSERT INTO users VALUES("45","abreham","abrehamgebremedin12@gmail.com","$2y$10$f4lQk56uccSx6c2dDhq9oO9eFMSZt9WFhNUDKHdxqItD1kC7ild6a","","+251970493518","Goah share company","2","","","1","0","2023-02-03 12:01:09","2023-02-03 12:55:14");
INSERT INTO users VALUES("46","staff2","staff2@gmail.com","$2y$10$Yw90EAL16NQcuCF2lmfV8.YMEJuUchMac/ccET3w7pImHABd2QqCW","","+321456987456","Agelgil","4","1","2","1","0","2023-02-24 22:57:46","2023-02-24 22:58:56");
INSERT INTO users VALUES("47","Yohannis","Yohannis@gmail.com","$2y$10$vWwOyz/LrbkOCQCc4Scfbe9KdIX/jajdADiRfsy4iVgJ6oh5NeM9K","","+3214569874564","","6","1","1","1","0","2023-03-07 15:16:51","2023-03-07 15:16:51");



CREATE TABLE `variants` (
  `id` int(10) unsigned NOT NULL AUTO_INCREMENT,
  `name` varchar(191) NOT NULL,
  `created_at` timestamp NULL DEFAULT NULL,
  `updated_at` timestamp NULL DEFAULT NULL,
  PRIMARY KEY (`id`)
) ENGINE=InnoDB AUTO_INCREMENT=10 DEFAULT CHARSET=utf8mb4 COLLATE=utf8mb4_unicode_ci;

INSERT INTO variants VALUES("5","24","2023-02-11 15:26:52","2023-02-11 15:26:52");
INSERT INTO variants VALUES("6","32","2023-02-11 15:26:52","2023-02-11 15:26:52");
INSERT INTO variants VALUES("7","43","2023-02-11 15:26:52","2023-02-11 15:26:52");
INSERT INTO variants VALUES("8","52","2023-02-11 15:26:53","2023-02-11 15:26:53");
INSERT INTO variants VALUES("9","64","2023-03-04 17:57:37","2023-03-04 17:57:37");



CREATE TABLE `warehouse_product_purchases` (
  `id` int(10) unsigned NOT NULL AUTO_INCREMENT,
  `purchase_id` int(10) unsigned NOT NULL,
  `product_id` int(10) unsigned NOT NULL,
  `product_batch_id` bigint(20) DEFAULT NULL,
  `variant_id` bigint(20) DEFAULT NULL,
  `imei_number` text DEFAULT NULL,
  `qty` double NOT NULL,
  `transferred_qty` double NOT NULL DEFAULT 0,
  `returned_qty` double NOT NULL DEFAULT 0,
  `recieved` double NOT NULL,
  `purchase_unit_id` int(11) NOT NULL,
  `net_unit_cost` double NOT NULL,
  `discount` double NOT NULL,
  `tax_rate` double NOT NULL,
  `tax` double NOT NULL,
  `total` double NOT NULL,
  `warehouse_id` int(11) NOT NULL,
  `created_at` timestamp NULL DEFAULT NULL,
  `updated_at` timestamp NULL DEFAULT NULL,
  PRIMARY KEY (`id`),
  KEY `purchase_id` (`purchase_id`),
  KEY `product_id` (`product_id`)
) ENGINE=InnoDB AUTO_INCREMENT=164 DEFAULT CHARSET=utf8mb4 COLLATE=utf8mb4_unicode_ci;

INSERT INTO warehouse_product_purchases VALUES("149","113","12","","5","","222","222","0","222","1","1010","0","0","0","224220","3","2023-03-04 18:01:59","2023-03-04 18:03:12");
INSERT INTO warehouse_product_purchases VALUES("150","113","11","","5","","222","222","0","222","1","14","0","0","0","3108","3","2023-03-04 18:02:00","2023-03-04 18:03:13");
INSERT INTO warehouse_product_purchases VALUES("151","114","12","","5","","1000","1000","1000","1000","1","10","0","0","0","10000","3","2023-03-05 02:01:23","2023-03-06 15:33:38");
INSERT INTO warehouse_product_purchases VALUES("152","115","1","26","","","14","14","0","14","7","45","0","0","0","630","3","2023-03-06 18:02:34","2023-03-06 18:03:26");
INSERT INTO warehouse_product_purchases VALUES("153","116","11","","5","","1","0","0","1","1","14","0","0","0","14","3","2023-03-11 13:05:35","2023-03-11 13:05:35");
INSERT INTO warehouse_product_purchases VALUES("154","116","11","","8","","2","0","0","2","1","14","0","0","0","28","3","2023-03-11 13:05:36","2023-03-11 13:05:36");
INSERT INTO warehouse_product_purchases VALUES("155","117","12","","9","","1","0","0","1","1","840","0","0","0","840","3","2023-03-11 13:05:54","2023-03-11 13:05:54");
INSERT INTO warehouse_product_purchases VALUES("156","118","11","","7","","1","1","0","1","1","14","0","0","0","14","3","2023-03-11 13:06:13","2023-03-11 13:06:41");
INSERT INTO warehouse_product_purchases VALUES("157","119","6","","","","30","0","0","30","1","4","0","0","0","120","3","2023-03-11 13:26:51","2023-03-11 13:26:51");
INSERT INTO warehouse_product_purchases VALUES("158","120","6","","","","1","0","0","1","1","400","0","0","0","400","3","2023-03-11 13:27:26","2023-03-11 13:27:26");
INSERT INTO warehouse_product_purchases VALUES("159","121","6","","","","13","0","0","13","1","400","0","0","0","5200","3","2023-03-11 14:08:14","2023-03-11 14:08:14");
INSERT INTO warehouse_product_purchases VALUES("160","122","6","","","","1","0","0","1","1","400","0","0","0","400","3","2023-03-11 15:02:32","2023-03-11 15:02:32");
INSERT INTO warehouse_product_purchases VALUES("161","123","6","","","","1","0","0","1","1","400","0","0","0","400","3","2023-03-11 15:03:30","2023-03-11 15:03:30");
INSERT INTO warehouse_product_purchases VALUES("162","123","11","","8","","10","0","0","10","1","14","0","0","0","140","3","2023-03-11 15:03:31","2023-03-11 15:03:31");
INSERT INTO warehouse_product_purchases VALUES("163","124","11","","7","","15","0","0","15","1","14","0","0","0","210","3","2023-03-11 15:17:47","2023-03-11 15:17:47");



CREATE TABLE `warehousepurchases` (
  `id` int(10) unsigned NOT NULL AUTO_INCREMENT,
  `reference_no` varchar(191) NOT NULL,
  `user_id` int(11) NOT NULL,
  `warehouse_id` int(11) NOT NULL,
  `supplier_id` int(11) DEFAULT NULL,
  `item` int(11) NOT NULL,
  `total_qty` double NOT NULL,
  `transferred_qty` double NOT NULL DEFAULT 0,
  `returned_qty` double NOT NULL DEFAULT 0,
  `total_discount` double NOT NULL,
  `total_tax` double NOT NULL,
  `total_cost` double NOT NULL,
  `order_tax_rate` double DEFAULT NULL,
  `order_tax` double DEFAULT NULL,
  `order_discount` double DEFAULT NULL,
  `shipping_cost` double DEFAULT NULL,
  `grand_total` double NOT NULL,
  `paid_amount` double NOT NULL,
  `status` int(11) NOT NULL,
  `payment_status` int(11) NOT NULL,
  `document` varchar(191) DEFAULT NULL,
  `note` text DEFAULT NULL,
  `created_at` timestamp NULL DEFAULT NULL,
  `updated_at` timestamp NULL DEFAULT NULL,
  PRIMARY KEY (`id`)
) ENGINE=InnoDB AUTO_INCREMENT=125 DEFAULT CHARSET=utf8mb4 COLLATE=utf8mb4_unicode_ci;

INSERT INTO warehousepurchases VALUES("113","wpr-20230304-060159","1","3","","2","444","444","0","0","0","227328","0","0","","","227328","227328","1","2","","","2023-03-04 18:01:59","2023-03-05 02:08:01");
INSERT INTO warehousepurchases VALUES("114","wpr-20230305-020121","1","3","","1","1000","1000","1000","0","0","10000","0","0","","","10000","10000","1","2","","","2023-03-05 02:01:21","2023-03-06 15:33:37");
INSERT INTO warehousepurchases VALUES("115","wpr-20230306-060233","1","3","","1","14","14","0","0","0","630","0","0","","","630","630","1","2","","","2023-03-06 18:02:33","2023-03-08 20:34:35");
INSERT INTO warehousepurchases VALUES("116","wpr-20230311-010535","1","3","","2","3","0","0","0","0","42","0","0","","","42","0","1","1","","","2023-03-11 13:05:35","2023-03-11 13:05:35");
INSERT INTO warehousepurchases VALUES("117","wpr-20230311-010553","1","3","","1","1","0","0","0","0","840","0","0","","","840","0","1","1","","","2023-03-11 13:05:53","2023-03-11 13:05:53");
INSERT INTO warehousepurchases VALUES("118","wpr-20230311-010612","1","3","","1","1","1","0","0","0","14","0","0","","","14","0","1","1","","","2023-03-11 13:06:12","2023-03-11 13:06:40");
INSERT INTO warehousepurchases VALUES("119","wpr-20230311-012650","1","3","","1","30","0","0","0","0","120","0","0","","","120","0","1","1","","","2023-03-11 13:26:50","2023-03-11 13:26:50");
INSERT INTO warehousepurchases VALUES("120","wpr-20230311-012725","1","3","","1","1","0","0","0","0","400","0","0","","","400","0","1","1","","","2023-03-11 13:27:25","2023-03-11 13:27:25");
INSERT INTO warehousepurchases VALUES("121","wpr-20230311-020813","1","3","","1","13","0","0","0","0","5200","0","0","","","5200","0","1","1","","","2023-03-11 14:08:13","2023-03-11 14:08:13");
INSERT INTO warehousepurchases VALUES("122","wpr-20230311-030231","1","3","","1","1","0","0","0","0","400","0","0","","","400","0","1","1","","","2023-03-11 15:02:31","2023-03-11 15:02:31");
INSERT INTO warehousepurchases VALUES("123","wpr-20230311-030330","1","3","","2","11","0","0","0","0","540","0","0","","","540","0","1","1","","","2023-03-11 15:03:30","2023-03-11 15:03:30");
INSERT INTO warehousepurchases VALUES("124","wpr-20230311-031747","1","3","","1","15","0","0","0","0","210","0","0","","","210","0","1","1","","","2023-03-11 15:17:47","2023-03-11 15:17:47");



CREATE TABLE `warehouses` (
  `id` int(10) unsigned NOT NULL AUTO_INCREMENT,
  `name` varchar(191) NOT NULL,
  `phone` varchar(191) DEFAULT NULL,
  `email` varchar(191) DEFAULT NULL,
  `address` text NOT NULL,
  `is_active` tinyint(1) DEFAULT NULL,
  `created_at` timestamp NULL DEFAULT NULL,
  `updated_at` timestamp NULL DEFAULT NULL,
  PRIMARY KEY (`id`)
) ENGINE=InnoDB AUTO_INCREMENT=4 DEFAULT CHARSET=utf8mb4 COLLATE=utf8mb4_unicode_ci;

INSERT INTO warehouses VALUES("1","Store one","+251970493518","admin@webdamn.com","03 kebele, Eresha sub city , Butaira , Ethiopia","1","2023-02-02 16:18:46","2023-02-02 16:18:46");
INSERT INTO warehouses VALUES("2","Store Two","+251919176988","abreham@admin.com","Enseno, 01 kebele , misrak meskan , Guraghe zone, SNNPR, Ethiopia","1","2023-02-03 08:58:54","2023-02-03 08:59:47");
INSERT INTO warehouses VALUES("3","Main Warehouse(Megazen)","+2519000000000000000","","03 kebele, Eresha sub city , Butaira , Ethiopia","1","2023-02-27 10:30:39","2023-02-27 10:30:39");

